Division ID;Division;Categoria ID;Categoria;Grupo ID;Grupo;Sugerido AEC;Sugerido DS;Necesidad detalle AEC;Necesidad mayoreo AEC;Necesidad DS;Saldo CDI01;Saldo DSCDI;No. Referencias
10;ACCESORIOS;10001;ACCESORIOS DE BELLEZA;10001001;LENTES P/DAMA;7881;1788;119;132;245;2177;8;20
10;ACCESORIOS;10001;ACCESORIOS DE BELLEZA;10001002;LENTES P/NIÑO;4534;1254;23;57;195;9809;3;57
10;ACCESORIOS;10001;ACCESORIOS DE BELLEZA;10001009;LENTES P/HOMBRE;6680;1938;566;120;655;4719;3;11
10;ACCESORIOS;10001;ACCESORIOS DE BELLEZA;10001010;LENTES P/LEER GENERAL;2718;1178;84;36;321;1737;1;18
10;ACCESORIOS;10001;ACCESORIOS DE BELLEZA;10001013;LENTES P/NIÑA;5766;1614;79;54;336;5000;4;28
10;ACCESORIOS;10001;ACCESORIOS DE BELLEZA;10001036;LENTES D/MODA;2256;762;739;96;314;192;1;1
10;ACCESORIOS;10003;ACCESORIOS PERSONALES;10003001;FAJA P/HOM;1746;528;0;0;;1748;56;14
10;ACCESORIOS;10003;ACCESORIOS PERSONALES;10003002;FAJA P/DAMA;1902;708;6;0;239;391;7;4
10;ACCESORIOS;10003;ACCESORIOS PERSONALES;10003003;FAJA P/NIÑO JUV;1296;330;47;0;11;109;72;1
10;ACCESORIOS;10003;ACCESORIOS PERSONALES;10003005;FAJA P/NIÑO INF;1506;480;0;0;;2280;12;8
10;ACCESORIOS;10003;ACCESORIOS PERSONALES;10003007;GORRAS P/HOM;10204;3012;46;103;6;30983;11;98
10;ACCESORIOS;10003;ACCESORIOS PERSONALES;10003009;BOLSO P/DAMA VIAJERO;1212;258;49;45;19;913;34;7
10;ACCESORIOS;10003;ACCESORIOS PERSONALES;10003011;SOMBRERO P/DAMA CASUAL;1836;570;107;27;71;3413;2;12
10;ACCESORIOS;10003;ACCESORIOS PERSONALES;10003012;BOLSO P/NIÑA;1908;444;0;39;;4366;5;24
10;ACCESORIOS;10003;ACCESORIOS PERSONALES;10003013;SOMBRERO P/HOMBRE D/TELA;1452;510;89;15;266;6208;1;21
10;ACCESORIOS;10003;ACCESORIOS PERSONALES;10003015;SOMBRERO P/NIÑO INF;2310;684;232;21;130;670;1;5
10;ACCESORIOS;10003;ACCESORIOS PERSONALES;10003016;GORRAS P/DAMA;3708;1476;174;210;306;3749;7;14
10;ACCESORIOS;10003;ACCESORIOS PERSONALES;10003020;CORBATA P/HOMBRE;558;12;119;0;1;288;5;1
10;ACCESORIOS;10003;ACCESORIOS PERSONALES;10003025;LLAVEROS BASICOS;14232;2976;4239;852;343;994;41;11
10;ACCESORIOS;10003;ACCESORIOS PERSONALES;10003029;RELOJ P/DAMA;9136;2736;27;506;120;5127;36;26
10;ACCESORIOS;10003;ACCESORIOS PERSONALES;10003030;RELOJ P/HOM;6376;1452;82;66;39;7616;18;35
10;ACCESORIOS;10003;ACCESORIOS PERSONALES;10003031;RELOJ P/NIÑA;6036;1908;59;72;8;6235;19;29
10;ACCESORIOS;10003;ACCESORIOS PERSONALES;10003032;RELOJ P/NIÑO;3876;1092;418;60;126;712;10;4
10;ACCESORIOS;10003;ACCESORIOS PERSONALES;10003035;MONEDERO P/DAMA T-L;5452;1371;489;73;195;441;124;5
10;ACCESORIOS;10003;ACCESORIOS PERSONALES;10003037;GORRAS P/NIÑO INF;5064;1176;2884;160;272;48;21;1
10;ACCESORIOS;10003;ACCESORIOS PERSONALES;10003038;CARTERAS P/NIÑA;9544;2304;45;36;23;15119;31;79
10;ACCESORIOS;10003;ACCESORIOS PERSONALES;10003045;GORRAS P/NIÑA JUV;2160;750;43;57;111;1157;3;8
10;ACCESORIOS;10003;ACCESORIOS PERSONALES;10003046;GORRAS P/NIÑA INF;2556;1002;7;36;;2676;99;15
10;ACCESORIOS;10003;ACCESORIOS PERSONALES;10003047;HEVILLA P/FAJA P/HOMBRE;0;0;0;0;;6637;;26
10;ACCESORIOS;10003;ACCESORIOS PERSONALES;10003050;CARTERAS P/CELULAR;2412;426;956;138;294;323;1;2
10;ACCESORIOS;10003;ACCESORIOS PERSONALES;10003053;CARTERAS P/DAMA CRUZADA;8064;1710;1897;85;15;2424;54;29
10;ACCESORIOS;10003;ACCESORIOS PERSONALES;10003064;MOCHILA P/NIÑA MODA;1824;480;0;9;;30049;73;120
10;ACCESORIOS;10003;ACCESORIOS PERSONALES;10003065;MOCHILA P/DAMA MODA;5694;1272;93;78;694;3892;4;42
10;ACCESORIOS;10003;ACCESORIOS PERSONALES;10003069;MALETIN P/DAMA;1314;378;0;27;268;2005;3;17
10;ACCESORIOS;10003;ACCESORIOS PERSONALES;10003072;CARTERA P/DAMA T-S;5272;1290;450;99;27;736;21;7
10;ACCESORIOS;10003;ACCESORIOS PERSONALES;10003073;CARTERA P/DAMA T-M;5020;804;12;21;33;1684;12;22
10;ACCESORIOS;10003;ACCESORIOS PERSONALES;10003074;CARTERA P/DAMA T-L;4488;828;4;0;1;4052;11;42
10;ACCESORIOS;10003;ACCESORIOS PERSONALES;10003075;BILLETERA P/HOMBRE CORTA;3810;822;0;6;;1240;2.84E-14;10
10;ACCESORIOS;10003;ACCESORIOS PERSONALES;10003084;KANGURERA P/NIÑA;438;150;170;0;95;318;6;1
10;ACCESORIOS;10003;ACCESORIOS PERSONALES;10003088;SET PINES P/CHANCLETAS CROCS;9430;3528;1083;378;1409;1183;5;3
10;ACCESORIOS;10003;ACCESORIOS PERSONALES;10003092;MOCHILA P/HOMBRE D/CRUZAR ;1434;474;105;42;235;105;11;2
10;ACCESORIOS;10003;ACCESORIOS PERSONALES;10003096;BOLSO P/DAMA D/CRUZAR;960;135;38;0;26;109;3;2
10;ACCESORIOS;10003;ACCESORIOS PERSONALES;10003097;BOLSO P/HOMBRE D/CRUZAR;2832;930;16;0;14;5286;5;41
10;ACCESORIOS;10003;ACCESORIOS PERSONALES;10003098;MOCHILA P/NIÑO MODA;1896;480;359;243;149;3346;34;12
10;ACCESORIOS;10003;ACCESORIOS PERSONALES;10003099;BOLSO P/NIÑO D/CRUZAR;1308;414;702;0;179;368;0;4
10;ACCESORIOS;10003;ACCESORIOS PERSONALES;10003100;MONEDERO P/DAMA T-M;5728;816;753;27;4;1556;2;14
10;ACCESORIOS;10003;ACCESORIOS PERSONALES;10003102;BOLSO P/HOMBRE D/PIERNA;810;240;16;0;;1385;0;9
10;ACCESORIOS;10003;ACCESORIOS PERSONALES;10003108;SOMBRERO P/HOMBRE CASUAL;366;120;211;0;71;32;0;1
10;ACCESORIOS;10003;ACCESORIOS PERSONALES;10003110;FAJA P/DAMA MODA;1938;648;0;0;2;1067;1;4
10;ACCESORIOS;10003;ACCESORIOS PERSONALES;10003112;MALETIN P/HOMBRE 41CM-50CM;759;123;2;12;98;981;0;10
10;ACCESORIOS;10003;ACCESORIOS PERSONALES;10003119;LLAVEROS LICENCIA;33916;5842;14215;1452;1769;1429;16;9
10;ACCESORIOS;10003;ACCESORIOS PERSONALES;10003121;MALETIN P/HOMBRE 35CM-40CM;453;113;0;11;4;978;0;10
10;ACCESORIOS;10003;ACCESORIOS PERSONALES;10003122;MALETIN P/HOMBRE EJECUTIVO;587;138;12;0;;303;3;5
10;ACCESORIOS;10003;ACCESORIOS PERSONALES;10003123;MALETIN P/HOMBRE 51CM-75CM;918;57;8;0;1;1683;0;13
10;ACCESORIOS;10003;ACCESORIOS PERSONALES;10003132;SOMBRERO P/HOMBRE VAQUERO;834;228;100;36;132;374;4;6
10;ACCESORIOS;10003;ACCESORIOS PERSONALES;10003133;VICERAS P/DAMA;648;264;122;0;146;594;4;2
10;ACCESORIOS;10003;ACCESORIOS PERSONALES;10003140;SOMBRERO P/NIÑA D/TELA;2244;672;297;84;176;316;0;3
10;ACCESORIOS;10003;ACCESORIOS PERSONALES;10003152;FORRO P/PASAPORTE;1128;426;648;0;194;81;0;1
10;ACCESORIOS;10003;ACCESORIOS PERSONALES;10003158;PAÑUELETAS;7302;1548;1632;936;84;631;0;1
10;ACCESORIOS;10003;ACCESORIOS PERSONALES;10003162;LLAVEROS P/CARTERAS;11640;2832;7;670;11;6163;4;35
10;ACCESORIOS;10003;ACCESORIOS PERSONALES;10003164;SOMBRERO P/DAMA VAQUERO;579;211;153;0;90;56;0;1
10;ACCESORIOS;10003;ACCESORIOS PERSONALES;10003166;LLAVERO T/PELUCHE ;4380;2460;202;0;28;8361;6;31
10;ACCESORIOS;10003;ACCESORIOS PERSONALES;10003168;CARTERA P/NIÑA T/PELUCHE ;1728;600;389;165;387;558;0;3
10;ACCESORIOS;10003;ACCESORIOS PERSONALES;10003171;VICERAS P/HOMBRE;456;138;272;24;42;168;1;1
10;ACCESORIOS;10007;ACCESORIOS DE INVIERNO;10007016;GORRO P/BEBE D/FRIO;546;210;123;0;104;177;0;1
10;ACCESORIOS;10007;ACCESORIOS DE INVIERNO;10007019;GUANTES D/FRIO P/NIÑO;2106;882;1948;0;777;36;0;1
10;ACCESORIOS;10010;ACCESORIOS DE CABELLO;10010001;PEINETAS P/DAMA;1818;804;51;0;23;534;1;4
10;ACCESORIOS;10010;ACCESORIOS DE CABELLO;10010002;DIADEMA P/NIÑA;13024;4012;357;0;99;14667;89;44
10;ACCESORIOS;10010;ACCESORIOS DE CABELLO;10010003;COLAS P/NIÑA;7056;2778;423;0;180;1133;17;6
10;ACCESORIOS;10010;ACCESORIOS DE CABELLO;10010004;DIADEMA P/DAMA;14080;2604;3181;21;263;236;119;1
10;ACCESORIOS;10010;ACCESORIOS DE CABELLO;10010007;HULES P/CABELLO;7038;1140;1059;60;792;16513;0;25
10;ACCESORIOS;10010;ACCESORIOS DE CABELLO;10010008;SET DE HULES (COLITAS-GANCHOS);4134;1260;875;0;318;5484;25;12
10;ACCESORIOS;10010;ACCESORIOS DE CABELLO;10010016;GANCHO P/NIÑA PINZA;21582;6192;11860;96;2995;2419;97;12
10;ACCESORIOS;10010;ACCESORIOS DE CABELLO;10010017;GANCHO P/DAMA PINZA;17479;4015;8725;0;945;90;31;2
10;ACCESORIOS;10010;ACCESORIOS DE CABELLO;10010018;DONA P/CABELLO;690;348;62;0;17;144;0;1
10;ACCESORIOS;10010;ACCESORIOS DE CABELLO;10010019;DIADEMA P/BEBE ELASTICA;6060;1374;5107;135;921;24;9;1
10;ACCESORIOS;10010;ACCESORIOS DE CABELLO;10010023;SET ACCESORIOS P/CABELLO NIÑA;9052;3564;4906;36;2009;2195;26;5
10;ACCESORIOS;10010;ACCESORIOS DE CABELLO;10010024;SET GANCHOS ANDINO;4332;774;2676;48;469;464;2;1
10;ACCESORIOS;10010;ACCESORIOS DE CABELLO;10010025;SET COLAS P/DAMA;45956;9012;21053;658;3384;650;4;4
10;ACCESORIOS;10010;ACCESORIOS DE CABELLO;10010026;SET COLAS P/NIÑA;39880;8200;9789;119;1143;1883;38;13
10;ACCESORIOS;10010;ACCESORIOS DE CABELLO;10010027;GANCHO P/DAMA MARIPOSA GRANDE;26792;5712;0;0;;34131;23;76
10;ACCESORIOS;10010;ACCESORIOS DE CABELLO;10010028;GANCHO P/DAMA MARIPOSA MEDIANO;38888;12024;94;954;249;4177;25;22
10;ACCESORIOS;10010;ACCESORIOS DE CABELLO;10010031;SET GANCHOS P/NIÑA MARIPOSA;10416;2664;0;183;;27078;19;51
10;ACCESORIOS;10010;ACCESORIOS DE CABELLO;10010033;GANCHO P/DAMA PINZA (CHONGO);6168;744;2173;36;213;742;0;2
10;ACCESORIOS;10010;ACCESORIOS DE CABELLO;10010034;DIADEMA P/DAMA FINA;14148;3612;215;0;3;2222;46;15
10;ACCESORIOS;10010;ACCESORIOS DE CABELLO;10010035;SET GANCHOS P/NIÑA PINZA;22330;6012;8327;444;1641;3109;92;29
10;ACCESORIOS;10010;ACCESORIOS DE CABELLO;10010036;SET GANCHOS P/DAMA MARIPOSA;20340;3984;1776;0;359;1482;29;7
10;ACCESORIOS;10010;ACCESORIOS DE CABELLO;10010037;SET GANCHOS P/DAMA PINZA;13630;3600;6909;72;936;43;30;1
10;ACCESORIOS;10010;ACCESORIOS DE CABELLO;10010042;GANCHO P/DAMA METALICO MEDIANO;7968;3108;6815;36;2725;24;1;1
10;ACCESORIOS;10010;ACCESORIOS DE CABELLO;10010043;SET COLAS+GANCHOS P/NIÑA;15042;4656;1997;216;492;2446;25;13
10;ACCESORIOS;10010;ACCESORIOS DE CABELLO;10010044;GANCHO P/DAMA METALICO GRANDE;22398;4200;19192;738;3204;60;1;2
10;ACCESORIOS;10010;ACCESORIOS DE CABELLO;10010046;SET RELOJ+ACCESORIOS P/NIÑA;1848;678;533;0;87;200;5;3
10;ACCESORIOS;10010;ACCESORIOS DE CABELLO;10010047;GANCHO P/NIÑA MARIPOSA;10002;2532;17;240;;22108;3;37
10;ACCESORIOS;10010;ACCESORIOS DE CABELLO;10010048;SET LENTES+ACCESORIOS P/NIÑA;3720;1476;133;21;180;4567;6;11
10;ACCESORIOS;10010;ACCESORIOS DE CABELLO;10010050;SET DIADEMA+ACCESORIOS P/NIÑA;10392;2752;448;66;35;4445;8;24
10;ACCESORIOS;10011;ACCESORIOS DE JOYERIA;10011001;PULSERA P/DAMA FINA;9390;3180;278;24;114;1259;1;14
10;ACCESORIOS;10011;ACCESORIOS DE JOYERIA;10011002;ARITOS P/DAMA T-M;32008;6624;0;18;1;331;156;4
10;ACCESORIOS;10011;ACCESORIOS DE JOYERIA;10011003;CADENAS P/DAMA;912;396;0;0;;6406;0;23
10;ACCESORIOS;10011;ACCESORIOS DE JOYERIA;10011005;COLLARES P/DAMA;10126;2568;2939;0;1236;1078;14;5
10;ACCESORIOS;10011;ACCESORIOS DE JOYERIA;10011006;JOYERO PLASTICO;3654;564;780;176;290;45;4;1
10;ACCESORIOS;10011;ACCESORIOS DE JOYERIA;10011008;PULSERA P/NIÑA;3582;696;2046;0;203;543;0;2
10;ACCESORIOS;10011;ACCESORIOS DE JOYERIA;10011017;SET DE COLLAR+ARITOS P/NIÑA;4854;1404;5;0;37;1603;0;8
10;ACCESORIOS;10011;ACCESORIOS DE JOYERIA;10011020;SET COLLAR+PULSERA P/DAMA;2250;1200;108;0;60;55;3;2
10;ACCESORIOS;10011;ACCESORIOS DE JOYERIA;10011023;ARGOLLAS P/DAMA T-M;7608;3144;3071;78;2203;224;0;4
10;ACCESORIOS;10011;ACCESORIOS DE JOYERIA;10011026;SET COLLAR+PULSERA P/NIÑA;10740;3684;5330;0;1462;1811;1;5
10;ACCESORIOS;10011;ACCESORIOS DE JOYERIA;10011037;ARGOLLAS P/DAMA T-S;7596;2976;3661;45;2542;121;0;1
15;BEBE;15001;ACCESORIOS P/BEBE;15001004;PAÑALERA;1548;279;498;39;205;384;4;3
15;BEBE;15001;ACCESORIOS P/BEBE;15001007;SET D/BIBERONES+ACCESORIOS;1920;522;117;27;17;625;1;7
15;BEBE;15001;ACCESORIOS P/BEBE;15001009;CHUPETE ALIMENTADOR P/BEBE;330;144;220;0;61;147;0;1
15;BEBE;15001;ACCESORIOS P/BEBE;15001014;GANCHOS P/PAÑAL;1071;312;196;0;72;792;6;1
15;BEBE;15001;ACCESORIOS P/BEBE;15001015;CEPILLO P/LAVAR BIBERON;2196;810;127;57;370;336;5;4
15;BEBE;15001;ACCESORIOS P/BEBE;15001016;TERMOMETRO P/BEBE;1056;246;338;0;36;114;2;1
15;BEBE;15001;ACCESORIOS P/BEBE;15001018;CARGADOR O CHINEADOR P/BEBE;197;55;186;0;38;60;0;1
15;BEBE;15001;ACCESORIOS P/BEBE;15001020;CUCHARA P/BEBE ;2571;348;117;0;2;2578;7;14
15;BEBE;15001;ACCESORIOS P/BEBE;15001023;BIBERON P/BEBE 2 a 4oz (60-190ML);4572;1098;6;0;6;4382;17;35
15;BEBE;15001;ACCESORIOS P/BEBE;15001024;BIBERON P/BEBE 8 a 9oz (200-260ML);4434;1434;12;3;70;3593;12;25
15;BEBE;15001;ACCESORIOS P/BEBE;15001025;BIBERON P/BEBE 10 a 11onz (270-330ML);2946;408;124;0;3;1260;0;11
15;BEBE;15001;ACCESORIOS P/BEBE;15001026;VASO P/BEBE;3423;756;60;0;119;3437;1;23
15;BEBE;15001;ACCESORIOS P/BEBE;15001028;CORTA UÑAS P/BEBE;1710;516;241;6;135;142;9;1
15;BEBE;15001;ACCESORIOS P/BEBE;15001029;SET DE BIBERONES;2921;546;1496;84;381;488;1;4
15;BEBE;15001;ACCESORIOS P/BEBE;15001031;DISPENSADOR DE LECHE;2591;606;72;57;16;2546;12;18
15;BEBE;15001;ACCESORIOS P/BEBE;15001032;SET CEPILLO+PEINE D/CABELLO P/BEBE;2382;378;550;37;35;395;6;1
15;BEBE;15001;ACCESORIOS P/BEBE;15001033;GOTERO MEDICINAL;1968;276;147;0;8;809;166;2
15;BEBE;15001;ACCESORIOS P/BEBE;15001035;SET DE BELLEZA P/BEBE;1748;198;231;58;2;135;18;2
15;BEBE;15001;ACCESORIOS P/BEBE;15001036;PAÑALERA P/BEBE T/MOCHILA;1002;216;493;66;166;261;1;2
15;BEBE;15001;ACCESORIOS P/BEBE;15001037;SET PLATO+ACCESORIOS P/BEBE;1647;414;548;0;27;168;0;2
15;BEBE;15001;ACCESORIOS P/BEBE;15001038;TOALLAS DE MANO P/BEBE;2133;582;1298;279;282;142;8;1
15;BEBE;15001;ACCESORIOS P/BEBE;15001045;SET CUCHARA-TENEDOR P/BEBE;1644;222;281;6;15;48;18;2
15;BEBE;15001;ACCESORIOS P/BEBE;15001050;SILLA P/BEBE COMEDOR;196;68;191;0;11;849;0;8
15;BEBE;15001;ACCESORIOS P/BEBE;15001051;DISPENSADOR P/TOALLAS HUMEDAS;315;168;305;0;103;32;3;1
15;BEBE;15001;ACCESORIOS P/BEBE;15001058;SILLA D/SEGURIDAD P/BEBE D/CARRO;125;56;29;0;;45;0;1
15;BEBE;15003;CALZADO RECIEN NACIDO NIÑA;15003003;ZAPATOS RECIEN NACIDA NIÑA COLGAR;2582;522;5;0;;2748;13;14
15;BEBE;15003;CALZADO RECIEN NACIDO NIÑA;15003004;SANDALIAS RECIEN NACIDA NIÑA COLGAR;2337;672;121;24;29;102;6;1
15;BEBE;15004;DORMITORIO P/BEBE;15004001;SABANAS P/BEBE;2136;558;535;168;183;155;21;1
15;BEBE;15004;DORMITORIO P/BEBE;15004002;ALMOHADAS PARA BEBE;1965;558;494;0;73;159;60;2
15;BEBE;15004;DORMITORIO P/BEBE;15004006;MOSQUITEROS;1912;726;102;28;223;1476;0;2
15;BEBE;15004;DORMITORIO P/BEBE;15004014;BANCOS P/NIÑO (A);526;165;4;80;16;1896;0;13
15;BEBE;15004;DORMITORIO P/BEBE;15004018;SILLA P/NIÑO (A);707;180;39;50;9;841;1;7
15;BEBE;15004;DORMITORIO P/BEBE;15004019;SET SABANA P/BEBE;1824;372;157;108;318;933;3;10
15;BEBE;15006;CALZADO RECIEN NACIDO NIÑO;15006001;ZAPATOS RECIEN NACIDO NIÑO COLGAR;2568;504;22;0;3;3426;13;23
15;BEBE;15007;BAÑO P/BEBE;15007001;BAÑERA P/BEBE;668;165;480;18;52;233;0;5
15;BEBE;15007;BAÑO P/BEBE;15007002;URINARIO P/BEBE ;210;81;194;0;70;102;8;2
15;BEBE;15007;BAÑO P/BEBE;15007006;ASIENTO P/INODORO D/BEBE;268;98;196;3;81;540;23;8
15;BEBE;15007;BAÑO P/BEBE;15007007;TOALLA DE BAÑO P/BEBE;1947;444;576;30;106;611;2;6
15;BEBE;15008;ACCESORIOS P/RECIEN NACIDO;15008001;SET DIADEMA+CALCETINES RECIEN NACIDA NIÑA;1674;360;192;12;13;1713;0;11
15;BEBE;15008;ACCESORIOS P/RECIEN NACIDO;15008004;SET GORRO+ACCESORIOS RECIEN NACIDO (A);1740;198;241;84;5;279;2;5
15;BEBE;15008;ACCESORIOS P/RECIEN NACIDO;15008006;GORROS P/BEBE;4197;924;335;186;173;105;69;3
15;BEBE;15009;PAÑALES P/BEBE;15009001;PAÑAL BLANCO BARATO;774;204;512;76;6;31;31;1
23;BELLEZA;23001;ACCESORIOS DE MAQUILLAJE;23001001;ALGODON P/DESMAQUILLAR;4848;1092;0;0;;19760;2;19
23;BELLEZA;23001;ACCESORIOS DE MAQUILLAJE;23001002;ENCRESPADOR DE PESTAÑAS;9362;2352;72;54;;15375;0;45
23;BELLEZA;23001;ACCESORIOS DE MAQUILLAJE;23001003;ESPEJOS D/TOCADOR;2250;618;0;24;41;644;1;11
23;BELLEZA;23001;ACCESORIOS DE MAQUILLAJE;23001005;PINZAS P/ESPINILLAS-PUNTOS NEGROS;8244;3432;0;0;3;16100;2;37
23;BELLEZA;23001;ACCESORIOS DE MAQUILLAJE;23001006;PINZAS P/PESTAÑAS;3768;1164;261;0;19;4369;32;21
23;BELLEZA;23001;ACCESORIOS DE MAQUILLAJE;23001007;PINZAS P/CEJAS;9024;3192;6;60;;22864;62;47
23;BELLEZA;23001;ACCESORIOS DE MAQUILLAJE;23001008;APLICADOR DE RIMEL;2328;714;887;0;141;37;0;1
23;BELLEZA;23001;ACCESORIOS DE MAQUILLAJE;23001009;NAVAJA P/AFEITAR CEJAS;5796;1152;1020;54;310;1239;20;2
23;BELLEZA;23001;ACCESORIOS DE MAQUILLAJE;23001010;TIJERAS P/CEJAS;4272;1458;0;6;;23839;177;40
23;BELLEZA;23001;ACCESORIOS DE MAQUILLAJE;23001011;DIFUMINADOR;7082;1144;513;42;47;6437;1;3
23;BELLEZA;23001;ACCESORIOS DE MAQUILLAJE;23001014;PESTAÑAS;12926;2566;2255;17;2;15469;18;6
23;BELLEZA;23001;ACCESORIOS DE MAQUILLAJE;23001016;BROCHAS;18720;2838;0;0;;30157;0;111
23;BELLEZA;23001;ACCESORIOS DE MAQUILLAJE;23001018;MASAJEADOR FACIAL;702;192;4;18;1;2648;7;10
23;BELLEZA;23001;ACCESORIOS DE MAQUILLAJE;23001020;VINCHAS P/MAQUILLAJE;4254;744;1602;126;51;681;4;3
23;BELLEZA;23001;ACCESORIOS DE MAQUILLAJE;23001021;EXFOLIANTE DE LABIOS;630;234;114;0;124;1368;0;1
23;BELLEZA;23001;ACCESORIOS DE MAQUILLAJE;23001023;SET DE BROCHAS;7410;1632;2;43;4;20820;1;44
23;BELLEZA;23001;ACCESORIOS DE MAQUILLAJE;23001024;DEPILADOR DE CEJA;576;222;6;0;51;901;1;4
23;BELLEZA;23001;ACCESORIOS DE MAQUILLAJE;23001026;ORGANIZADOR DE MAQUILLAJE;720;198;407;27;65;122;0;2
23;BELLEZA;23001;ACCESORIOS DE MAQUILLAJE;23001027;COSMETIQUERA;3486;600;11;0;;383;3;5
23;BELLEZA;23001;ACCESORIOS DE MAQUILLAJE;23001028;PINCELES P/MAQUILLAJE;978;348;447;0;103;2430;0;2
23;BELLEZA;23001;ACCESORIOS DE MAQUILLAJE;23001029;CEPILLO PALETA P/APLICAR MASCARILLA FACIAL;1224;408;92;6;6;3066;0;2
23;BELLEZA;23001;ACCESORIOS DE MAQUILLAJE;23001031;LIMPIADOR D/BROCHAS LIQUIDO;702;228;447;0;148;324;0;1
23;BELLEZA;23001;ACCESORIOS DE MAQUILLAJE;23001032;ESPEJOS D/MANO;9096;1674;1134;36;302;653;7;3
23;BELLEZA;23001;ACCESORIOS DE MAQUILLAJE;23001035;SACAPUNTAS P/LAPIZ D/OJO;1722;486;0;0;;1905;2;6
23;BELLEZA;23001;ACCESORIOS DE MAQUILLAJE;23001036;PEGATINA P/MAQUILLAJE FACIAL;6984;2220;2773;0;665;2065;0;4
23;BELLEZA;23001;ACCESORIOS DE MAQUILLAJE;23001038;APLICADOR D/PESTAÑAS;1608;648;0;0;;4594;0;6
23;BELLEZA;23001;ACCESORIOS DE MAQUILLAJE;23001039;CEPILLO P/CEJAS;3102;510;374;36;;3673;0;3
23;BELLEZA;23001;ACCESORIOS DE MAQUILLAJE;23001040;APLICADOR D/LABIAL;1650;498;237;0;47;3064;0;2
23;BELLEZA;23001;ACCESORIOS DE MAQUILLAJE;23001041;ANILLO P/PEGAMENTO D/PESTAÑAS;1548;780;249;0;38;29;222;1
23;BELLEZA;23001;ACCESORIOS DE MAQUILLAJE;23001042;CINTA P/APLICAR PESTAÑAS;1530;480;399;0;58;113;0;1
23;BELLEZA;23001;ACCESORIOS DE MAQUILLAJE;23001044;CEPILLO P/PESTAÑAS;1908;746;708;24;273;96;0;2
23;BELLEZA;23001;ACCESORIOS DE MAQUILLAJE;23001045;MOLDES P/PESTAÑAS;1488;672;443;0;280;60;0;1
23;BELLEZA;23001;ACCESORIOS DE MAQUILLAJE;23001048;PESTAÑAS POSTIZAS DE PUNTO;3456;996;2206;0;20;244;0;2
23;BELLEZA;23001;ACCESORIOS DE MAQUILLAJE;23001049;PESTAÑAS POSTIZAS PELO A PELO;3468;576;55;60;41;1373;0;9
23;BELLEZA;23002;ACCESORIOS P/MANOS Y PIES;23002002;SET DE MANICURE;5778;1098;23;51;5;16325;13;44
23;BELLEZA;23002;ACCESORIOS P/MANOS Y PIES;23002003;ALICATE;5484;1164;63;90;7;24082;1;54
23;BELLEZA;23002;ACCESORIOS P/MANOS Y PIES;23002004;CORTA UÑAS;6960;1980;844;96;148;2026;0;13
23;BELLEZA;23002;ACCESORIOS P/MANOS Y PIES;23002005;LIMA P/UÑAS;11190;2940;39;0;;58859;0;57
23;BELLEZA;23002;ACCESORIOS P/MANOS Y PIES;23002006;CEPILLO P/PIES;1812;960;33;0;33;2627;1;5
23;BELLEZA;23002;ACCESORIOS P/MANOS Y PIES;23002007;PULIDOR DE UÑAS;1068;378;6;0;2;1341;5;11
23;BELLEZA;23002;ACCESORIOS P/MANOS Y PIES;23002010;LIMA P/PIES;3876;864;260;0;6;22508;0;46
23;BELLEZA;23002;ACCESORIOS P/MANOS Y PIES;23002011;SET DE PEDICURE;4332;810;847;36;85;983;22;12
23;BELLEZA;23002;ACCESORIOS P/MANOS Y PIES;23002012;UÑAS POSTIZAS;16668;3672;0;102;3;17801;7;51
23;BELLEZA;23002;ACCESORIOS P/MANOS Y PIES;23002013;SEPARADOR DE DEDOS;2460;474;0;0;;10790;34;11
23;BELLEZA;23002;ACCESORIOS P/MANOS Y PIES;23002014;REMOVEDOR DE CUTICULA;870;354;56;54;67;2244;0;2
23;BELLEZA;23002;ACCESORIOS P/MANOS Y PIES;23002015;PINCELES P/DECORAR;1880;510;5;19;7;8971;0;17
23;BELLEZA;23002;ACCESORIOS P/MANOS Y PIES;23002016;PEGAMENTO DE UÑAS;3042;768;257;84;27;51;0;2
23;BELLEZA;23002;ACCESORIOS P/MANOS Y PIES;23002017;DECORACION P/UÑAS;1932;612;875;0;297;36;1;1
23;BELLEZA;23002;ACCESORIOS P/MANOS Y PIES;23002020;ESMALTE CHINO;21624;6852;10718;1404;2616;112;224;3
23;BELLEZA;23002;ACCESORIOS P/MANOS Y PIES;23002021;QUITA ESMALTE;1986;360;359;40;46;10137;488;18
23;BELLEZA;23002;ACCESORIOS P/MANOS Y PIES;23002022;MASCARILLA P/MANOS;1791;510;15;0;27;179;0;2
23;BELLEZA;23002;ACCESORIOS P/MANOS Y PIES;23002023;ACEITE DE CUTICULA;4032;1536;83;159;93;28165;0;1
23;BELLEZA;23002;ACCESORIOS P/MANOS Y PIES;23002024;REMOVEDOR DE CALLOS;1098;372;0;0;;3223;0;10
23;BELLEZA;23002;ACCESORIOS P/MANOS Y PIES;23002027;ALGODON P/UÑAS;4404;1098;0;0;;17722;2;15
23;BELLEZA;23002;ACCESORIOS P/MANOS Y PIES;23002028;EMPUJADOR DE CUTICULA;8076;2004;0;0;;25737;5;48
23;BELLEZA;23002;ACCESORIOS P/MANOS Y PIES;23002030;LIMPIADOR D/UÑAS;1098;420;24;0;;2595;81;8
23;BELLEZA;23002;ACCESORIOS P/MANOS Y PIES;23002031;MASCARILLA P/PIES;1962;540;1098;0;390;49;0;1
23;BELLEZA;23002;ACCESORIOS P/MANOS Y PIES;23002034;ESMALTE (USA-NAC);16440;5388;629;2807;1435;17943;6317;8
23;BELLEZA;23002;ACCESORIOS P/MANOS Y PIES;23002035;LAMPARA P/UÑAS LED;1068;300;926;12;219;24;3;1
23;BELLEZA;23002;ACCESORIOS P/MANOS Y PIES;23002036;UÑAS POSTIZAS NIÑA;10902;1968;108;256;1;12091;3;38
23;BELLEZA;23002;ACCESORIOS P/MANOS Y PIES;23002038;SET CORTAUÑAS;2718;918;1475;24;399;79;5;2
23;BELLEZA;23002;ACCESORIOS P/MANOS Y PIES;23002039;CORTADOR D/TIPS ;1086;390;154;0;27;4335;0;11
23;BELLEZA;23002;ACCESORIOS P/MANOS Y PIES;23002040;MAQUINA P/LIMAR Y PULIR UÑAS ;402;150;65;0;13;688;1;6
23;BELLEZA;23002;ACCESORIOS P/MANOS Y PIES;23002046;SANDALIAS D/BAÑO MAGIC D/SILICONA;408;12;186;0;3;44;0;1
23;BELLEZA;23002;ACCESORIOS P/MANOS Y PIES;23002047;ESMALTE REVEL COLOR;106326;31420;501;376;213;193299;8;18
23;BELLEZA;23002;ACCESORIOS P/MANOS Y PIES;23002048;CORTADOR D/CUTICULA;1884;720;1158;0;344;85;0;1
23;BELLEZA;23002;ACCESORIOS P/MANOS Y PIES;23002053;BANDAS D/ALUMINIO P/QUITA ESMALTE;;216;73;0;120;654;0;1
23;BELLEZA;23002;ACCESORIOS P/MANOS Y PIES;23002054;MOLDE P/QUITA ESMALTE D/PERMANENTE;;216;363;0;166;74;0;2
23;BELLEZA;23002;ACCESORIOS P/MANOS Y PIES;23002056;LAVAMANOS P/MANICURE;234;105;11;3;9;248;0;2
23;BELLEZA;23002;ACCESORIOS P/MANOS Y PIES;23002057;CEPILLO P/MANICURE;3618;1290;315;0;62;5680;1;7
23;BELLEZA;23002;ACCESORIOS P/MANOS Y PIES;23002058;ESMALTE REVEL COLOR PERMANENTE ;6504;1212;2292;564;641;34;2;1
23;BELLEZA;23002;ACCESORIOS P/MANOS Y PIES;23002060;ESMALTE REVEL TRANSPARENTE;11868;1666;227;432;563;13526;0;2
23;BELLEZA;23002;ACCESORIOS P/MANOS Y PIES;23002061;UÑAS POSTIZAS P/DAMA REVEL;11014;2724;1188;552;258;5598;0;5
23;BELLEZA;23003;MAQUILLAJE;23003001;BASE;13432;3726;1204;3;694;5127;120;14
23;BELLEZA;23003;MAQUILLAJE;23003002;BLUSH;9086;1830;0;6;2;17688;23;57
23;BELLEZA;23003;MAQUILLAJE;23003003;BRILLO LABIAL;26112;8988;0;0;15;28392;12;51
23;BELLEZA;23003;MAQUILLAJE;23003004;CONTORNO FACIAL;1902;498;66;0;50;1434;3;3
23;BELLEZA;23003;MAQUILLAJE;23003005;CORRECTOR DE OJERAS;8340;1326;47;18;;6413;6;16
23;BELLEZA;23003;MAQUILLAJE;23003007;DESMAQUILLANTE;2634;978;19;0;6;4795;0;32
23;BELLEZA;23003;MAQUILLAJE;23003008;FIJADOR P/MAQUILLAJE;1740;474;27;0;3;1494;0;9
23;BELLEZA;23003;MAQUILLAJE;23003009;ILUMINADOR;5146;936;0;0;;24059;9;56
23;BELLEZA;23003;MAQUILLAJE;23003010;LIMPIADOR FACIAL;6078;1992;78;0;62;489;2;6
23;BELLEZA;23003;MAQUILLAJE;23003011;LIPSTICK;52462;11326;0;5;31;25343;33;54
23;BELLEZA;23003;MAQUILLAJE;23003013;POLVOS COMPACTO;10562;2898;0;0;;11038;8;34
23;BELLEZA;23003;MAQUILLAJE;23003014;RIMEL;17916;4488;243;48;;8817;49;22
23;BELLEZA;23003;MAQUILLAJE;23003016;SOMBRAS;13974;2766;60;0;3;18315;29;44
23;BELLEZA;23003;MAQUILLAJE;23003018;TOALLAS REMOVEDOR D/MAQUILLAJE;5832;1020;491;0;69;2419;6;6
23;BELLEZA;23003;MAQUILLAJE;23003019;TONICO FACIAL;2166;390;0;0;;3431;142;13
23;BELLEZA;23003;MAQUILLAJE;23003021;SUERO FACIAL;4728;1200;14;0;9;18809;3;51
23;BELLEZA;23003;MAQUILLAJE;23003023;EXFOLIANTE FACIAL;1896;402;6;0;;3144;0;18
23;BELLEZA;23003;MAQUILLAJE;23003024;BALSAMO LABIAL;13444;2334;0;0;;30280;0;54
23;BELLEZA;23003;MAQUILLAJE;23003025;DELINEADOR P/OJOS;16220;3288;0;0;11;19878;19;50
23;BELLEZA;23003;MAQUILLAJE;23003026;DELINEADOR P/CEJA;2130;618;85;27;17;1104;25;3
23;BELLEZA;23003;MAQUILLAJE;23003028;LAPIZ P/OJO;5844;1974;1648;30;1338;401;28;1
23;BELLEZA;23003;MAQUILLAJE;23003029;LAPIZ P/CEJAS;8904;2556;1525;24;317;92;5;2
23;BELLEZA;23003;MAQUILLAJE;23003030;GEL P/CEJAS;2916;792;22;0;;4151;8;14
23;BELLEZA;23003;MAQUILLAJE;23003031;SOMBRAS P/CEJAS;2220;468;239;0;4;1384;12;5
23;BELLEZA;23003;MAQUILLAJE;23003032;POLVOS TRASLUCIDO;1692;492;6;0;1;3476;3;10
23;BELLEZA;23003;MAQUILLAJE;23003033;PRIMER GEL;2298;588;7;0;9;2453;0;10
23;BELLEZA;23003;MAQUILLAJE;23003037;LIMPIADOR FACIAL SILICON;2052;486;159;0;4;333;0;5
23;BELLEZA;23003;MAQUILLAJE;23003047;BRILLO LABIAL TRANSPARENTE;49212;11148;162;0;32;23116;14;45
23;BELLEZA;23003;MAQUILLAJE;23003048;ACEITE P/LABIOS ;1218;408;473;0;160;264;0;1
23;BELLEZA;23003;MAQUILLAJE;23003049;TINTA LABIAL ;12972;3894;0;42;50;16194;0;30
23;BELLEZA;23003;MAQUILLAJE;23003050; BRILLO LABIAL REVEL SECRET;10452;3144;76;0;642;43808;0;6
23;BELLEZA;23004;ARTICULOS DE CABELLO;23004001;CEPILLO P/CABELLO;17564;2724;7971;138;1256;2592;0;6
23;BELLEZA;23004;ARTICULOS DE CABELLO;23004002;PEINE P/ADULTO;11154;2047;53;530;;26432;23;62
23;BELLEZA;23004;ARTICULOS DE CABELLO;23004003;GORRO DE DUCHA;1296;240;15;99;;6485;0;11
23;BELLEZA;23004;ARTICULOS DE CABELLO;23004004;RULOS;2352;918;78;0;31;3972;1;14
23;BELLEZA;23004;ARTICULOS DE CABELLO;23004007;RIZADOR P/CABELLO;189;56;6;0;23;703;0;1
23;BELLEZA;23004;ARTICULOS DE CABELLO;23004010;SET DE PEINES;2784;438;853;183;86;2280;0;8
23;BELLEZA;23004;ARTICULOS DE CABELLO;23004013;ACCESORIOS P/TEÑIR CABELLO;1554;420;345;306;106;262;0;2
23;BELLEZA;23004;ARTICULOS DE CABELLO;23004014;GUANTES P/TENIR CABELLO;612;150;306;0;69;138;0;1
23;BELLEZA;23004;ARTICULOS DE CABELLO;23004021;TIJERAS P/CORTAR CABELLO;888;111;14;0;2;1271;0;9
23;BELLEZA;23004;ARTICULOS DE CABELLO;23004023;SET ACCESORIOS P/CORTAR CABELLO;768;225;2;0;4;1240;0;5
23;BELLEZA;23004;ARTICULOS DE CABELLO;23004024;CEPILLO P/CABELLO ELECTRICO;408;177;351;0;144;60;0;1
23;BELLEZA;23004;ARTICULOS DE CABELLO;23004028;PEINE P/NIÑA ;2220;540;540;41;122;4551;5;7
23;BELLEZA;23004;ARTICULOS DE CABELLO;23004031;TOALLA D/BAÑO P/CABELLO ;978;228;307;0;61;186;0;1
23;BELLEZA;23004;ARTICULOS DE CABELLO;23004035;SET GANCHOS P/PEINADOS-CORTES D/CABELLO;4890;1512;1124;336;67;4181;0;10
23;BELLEZA;23004;ARTICULOS DE CABELLO;23004036;PEINE P/TEÑIR CABELLO;1176;560;309;57;240;78;0;1
23;BELLEZA;23004;ARTICULOS DE CABELLO;23004037;PLATO P/TEÑIR CABELLO;1176;560;826;90;461;66;0;1
23;BELLEZA;23004;ARTICULOS DE CABELLO;23004038;BROCHAS P/TEÑIR CABELLO;1176;560;77;24;113;1073;0;3
23;BELLEZA;23005;BELLEZA P/NIÑA;23005002;SET D/VISUTERIA P/NIÑA;1212;238;26;0;14;1531;3;10
02;CALZADO;02001;CALZADO DE BEBE NIÑA;02001002;SANDALIAS P/BEBE NIÑA;3588;396;44;12;92;5548;19;43
02;CALZADO;02001;CALZADO DE BEBE NIÑA;02001012;TENIS P/BEBE NIÑA;1764;330;12;0;73;263;10;3
02;CALZADO;02001;CALZADO DE BEBE NIÑA;02001019;ZAPATILLAS P/BEBE NIÑA DEPORTIVAS;1736;330;26;6;81;1072;23;12
02;CALZADO;02001;CALZADO DE BEBE NIÑA;02001020;PANTUNFLAS P/BEBE NIÑA;96;30;88;0;;144;0;1
02;CALZADO;02002;CALZADO P/DAMA;02002001;SANDALIAS P/DAMA PLANAS;12588;1857;41;37;13;10969;156;165
02;CALZADO;02002;CALZADO P/DAMA;02002004;ZAPATILLAS P/DAMA BAILARINA;6762;1172;7;66;2;10982;120;85
02;CALZADO;02002;CALZADO P/DAMA;02002005;TENIS P/DAMA;7254;1176;19;126;15;3737;29;49
02;CALZADO;02002;CALZADO P/DAMA;02002007;PANTUNFLAS P/DAMA;2814;402;194;61;27;1217;41;10
02;CALZADO;02002;CALZADO P/DAMA;02002011;SANDALIAS P/DAMA PLATAFORMA;2448;510;250;12;196;138;26;2
02;CALZADO;02002;CALZADO P/DAMA;02002017;ZAPATOS P/DAMA CASUAL;5286;624;0;42;7;4559;122;62
02;CALZADO;02002;CALZADO P/DAMA;02002018;SANDALIAS P/DAMA TACON CORRIDO;4338;546;16;6;21;1954;37;36
02;CALZADO;02002;CALZADO P/DAMA;02002019;ZAPATILLAS P/DAMA DEPORTIVAS;7734;822;11;102;2;3226;621;30
02;CALZADO;02002;CALZADO P/DAMA;02002021;ZAPATOS P/DAMA TACON ;1776;282;3;0;45;1653;10;15
02;CALZADO;02002;CALZADO P/DAMA;02002029;ZAPATOS P/DAMA TACON CORRIDO;1974;306;19;12;122;1333;42;17
02;CALZADO;02002;CALZADO P/DAMA;02002031;BOTINES P/DAMA;690;90;75;60;33;510;29;9
02;CALZADO;02002;CALZADO P/DAMA;02002038;SANDALIAS P/DAMA T/CORRIDO SEÑORIAL;3198;348;339;24;44;133;10;7
02;CALZADO;02002;CALZADO P/DAMA;02002039;SANDALIAS P/DAMA D/INTERIOR;1764;462;610;103;85;1730;12;9
02;CALZADO;02003;CALZADO P/HOMBRE;02003005;BURROS P/HOMBRE;1134;276;231;0;218;138;4;4
02;CALZADO;02003;CALZADO P/HOMBRE;02003007;PANTUNFLAS P/HOMBRE;1248;288;96;18;19;59;11;2
02;CALZADO;02003;CALZADO P/HOMBRE;02003008;BOTINES P/HOMBRE;1680;228;24;66;192;139;2;4
02;CALZADO;02003;CALZADO P/HOMBRE;02003009;ZAPATILLAS P/HOMBRE DEPORTIVAS;2982;726;31;24;10;3264;387;34
02;CALZADO;02003;CALZADO P/HOMBRE;02003015;TENIS P/HOMBRE DEPORTIVO;4388;828;207;102;165;1409;49;19
02;CALZADO;02003;CALZADO P/HOMBRE;02003018;ZAPATOS P/HOMBRE CASUAL;2430;624;7;0;62;2568;18;38
02;CALZADO;02003;CALZADO P/HOMBRE;02003023;SANDALIAS P/HOM;2112;312;285;318;55;475;71;12
02;CALZADO;02003;CALZADO P/HOMBRE;02003025;ZAPATILLAS P/HOMBRE DEPORTIVAS ALTAS;960;222;490;6;42;264;19;3
02;CALZADO;02003;CALZADO P/HOMBRE;02003028;ZAPATOS P/HOMBRE CASUAL SEÑORIAL;1554;336;57;6;115;609;58;16
02;CALZADO;02003;CALZADO P/HOMBRE;02003031;BURROS P/HOMBRE (DON ROBERTO);708;300;678;0;138;107;5;1
02;CALZADO;02003;CALZADO P/HOMBRE;02003043;ZAPATOS P/HOMBRE CASUAL SEÑORIAL ALTOS;1218;240;73;36;160;124;9;6
02;CALZADO;02006;CALZADO INFANTIL P/NIÑO;02006002;ZAPATILLAS P/NIÑO INF BAJAS;2910;738;18;0;58;8294;179;49
02;CALZADO;02006;CALZADO INFANTIL P/NIÑO;02006006;SANDALIAS P/NIÑO INF;1764;372;311;6;13;264;19;3
02;CALZADO;02006;CALZADO INFANTIL P/NIÑO;02006008;BURROS P/NIÑO INF;1122;312;86;36;11;610;17;13
02;CALZADO;02006;CALZADO INFANTIL P/NIÑO;02006012;TENIS P/NIÑO INF DEPORTIVO;4024;888;376;127;17;670;342;13
02;CALZADO;02006;CALZADO INFANTIL P/NIÑO;02006023;ZAPATOS P/NIÑO INF CASUAL;1152;504;164;0;21;398;16;7
02;CALZADO;02006;CALZADO INFANTIL P/NIÑO;02006026;ZAPATILLAS P/NIÑO INF ALTAS;1260;312;48;0;8;2511;166;20
02;CALZADO;02006;CALZADO INFANTIL P/NIÑO;02006027;TENIS P/NIÑO INF ALTOS;1116;318;227;102;20;355;108;3
02;CALZADO;02007;CALZADO JUVENIL P/NIÑO;02007002;TENIS P/NIÑO JUV;2700;960;167;102;288;404;56;9
02;CALZADO;02007;CALZADO JUVENIL P/NIÑO;02007003;SANDALIAS P/NIÑO JUV;726;300;68;6;34;108;4;2
02;CALZADO;02007;CALZADO JUVENIL P/NIÑO;02007006;ZAPATILLAS P/NIÑO JUV DEPORTIVAS;2686;732;9;12;23;6593;135;40
02;CALZADO;02007;CALZADO JUVENIL P/NIÑO;02007017;PANTUNFLAS P/NIÑO JUV;756;240;39;0;46;1169;13;7
02;CALZADO;02007;CALZADO JUVENIL P/NIÑO;02007018;ZAPATILLAS P/NIÑO JUV ALTAS;882;300;37;0;81;2790;27;16
02;CALZADO;02007;CALZADO JUVENIL P/NIÑO;02007023;ZAPATOS P/NIÑO JUV D/MONTAÑA;912;216;798;60;120;28;2;1
02;CALZADO;02007;CALZADO JUVENIL P/NIÑO;02007026;TENIS P/NIÑO JUV ECONOMICOS;528;438;282;6;146;30;22;1
02;CALZADO;02009;CALZADO INFANTIL P/NIÑA;02009001;SANDALIAS P/NIÑA INF;7566;1188;67;150;56;1829;173;27
02;CALZADO;02009;CALZADO INFANTIL P/NIÑA;02009003;TENIS P/NIÑA INF;3090;678;0;12;16;1304;178;17
02;CALZADO;02009;CALZADO INFANTIL P/NIÑA;02009005;ZAPATILLAS P/NIÑA INF;3792;738;43;2;24;856;484;12
02;CALZADO;02009;CALZADO INFANTIL P/NIÑA;02009012;ZAPATILLAS P/NIÑA INF DEPORTIVA;3162;564;27;0;16;2229;239;30
02;CALZADO;02009;CALZADO INFANTIL P/NIÑA;02009013;PANTUNFLAS P/NIÑA INF;1032;252;249;78;45;312;9;2
02;CALZADO;02009;CALZADO INFANTIL P/NIÑA;02009017;SANDALIAS P/NIÑA INF PLATAFORMA;858;294;27;42;206;205;7;4
02;CALZADO;02010;CALZADO JUVENIL P/NIÑA;02010003;ZAPATILLAS P/NIÑA JUV;2820;924;9;6;32;5466;307;62
02;CALZADO;02010;CALZADO JUVENIL P/NIÑA;02010005;SANDALIAS P/NIÑA JUV;5034;1062;8;66;5;2260;445;33
02;CALZADO;02010;CALZADO JUVENIL P/NIÑA;02010010;TENIS P/NIÑA JUV;2202;792;53;0;450;2279;13;26
02;CALZADO;02010;CALZADO JUVENIL P/NIÑA;02010015;ZAPATILLAS P/NIÑA JUV DEPORTIVA;3312;552;0;0;98;2114;40;21
02;CALZADO;02010;CALZADO JUVENIL P/NIÑA;02010019;PANTUNFLAS P/NIÑA JUV;1218;300;25;0;1;1290;18;12
02;CALZADO;02010;CALZADO JUVENIL P/NIÑA;02010023;SANDALIAS P/NIÑA JUV PLATAFORMA;1122;324;7;60;68;114;7;3
02;CALZADO;02010;CALZADO JUVENIL P/NIÑA;02010026;ZAPATOS P/NIÑA JUV D/TACON;858;294;2;6;34;433;39;11
02;CALZADO;02011;CALZADO PRE-JUV P/NIÑO;02011005;PANTUNFLAS P/NIÑO PRE-JUV;906;282;71;36;27;214;6;2
02;CALZADO;02011;CALZADO PRE-JUV P/NIÑO;02011006;SANDALIAS P/NIÑO PRE-JUV;864;372;15;42;19;285;20;6
02;CALZADO;02011;CALZADO PRE-JUV P/NIÑO;02011007;TENIS P/NIÑO PRE-JUV;3306;744;946;84;36;84;281;5
02;CALZADO;02011;CALZADO PRE-JUV P/NIÑO;02011008;ZAPATILLAS P/NIÑO PRE-JUV BAJAS ;2496;804;16;0;11;8464;283;40
02;CALZADO;02011;CALZADO PRE-JUV P/NIÑO;02011010;ZAPATOS P/NIÑO PRE-JUV CASUAL;1200;474;56;24;14;1785;198;12
02;CALZADO;02011;CALZADO PRE-JUV P/NIÑO;02011012;ZAPATILLAS P/NIÑO PRE-JUV ALTAS;1518;264;5;6;10;1190;136;12
02;CALZADO;02011;CALZADO PRE-JUV P/NIÑO;02011013;TENIS P/NIÑO PRE-JUV ALTOS;936;204;17;18;14;1207;132;16
02;CALZADO;02011;CALZADO PRE-JUV P/NIÑO;02011016;ZAPATOS P/NIÑO PRE-JUV D/MONTAÑA;858;234;723;42;107;24;10;1
02;CALZADO;02012;CALZADO PRE-INF NIÑA;02012001;SANDALIAS P/NIÑA PRE-INF;5370;882;2;0;20;2151;66;33
02;CALZADO;02012;CALZADO PRE-INF NIÑA;02012004;TENIS P/NIÑA PRE-INF;2478;612;93;66;2;258;293;4
02;CALZADO;02012;CALZADO PRE-INF NIÑA;02012005;ZAPATILLAS P/NIÑA PRE-INF;2760;618;15;0;8;2335;243;26
02;CALZADO;02012;CALZADO PRE-INF NIÑA;02012006;ZAPATILLAS P/NIÑA PRE-INF DEPORTIVA;2148;462;8;0;;902;143;15
02;CALZADO;02013;CALZADO PRE-INF NIÑO;02013001;SANDALIAS P/NIÑO PRE-INF;2130;426;20;6;55;355;20;6
02;CALZADO;02013;CALZADO PRE-INF NIÑO;02013002;ZAPATILLAS P/NIÑO PRE-INF;2184;642;2;30;103;1963;34;20
02;CALZADO;02013;CALZADO PRE-INF NIÑO;02013003;TENIS P/NIÑO PRE-INF;2340;780;680;228;120;42;30;2
02;CALZADO;02013;CALZADO PRE-INF NIÑO;02013004;BURROS P/NIÑO PRE-INF;954;348;34;42;59;1017;6;15
02;CALZADO;02013;CALZADO PRE-INF NIÑO;02013006;ZAPATOS P/NIÑO PRE-INF CASUAL;504;342;197;18;222;61;0;3
02;CALZADO;02013;CALZADO PRE-INF NIÑO;02013012;ZAPATILLAS P/NIÑO PRE-INF ALTAS;1002;204;123;0;6;266;16;3
02;CALZADO;02014;CALZADO P/BEBE NIÑO;02014003;ZAPATILLAS P/BEBE NIÑO;2334;396;413;48;9;246;105;4
02;CALZADO;02014;CALZADO P/BEBE NIÑO;02014004;SANDALIAS P/BEBE NIÑO;2478;294;28;0;113;2776;2;30
02;CALZADO;02014;CALZADO P/BEBE NIÑO;02014010;ZAPATILLAS P/BEBE NIÑO ALTAS;966;240;519;18;46;37;12;2
53;CALZADO PLASTICO;53001;CALZADO P/HOMBRE PLASTICO;53001001;CHANCLETAS P/HOMBRE CROCS;6054;1608;85;168;136;2317;0;16
53;CALZADO PLASTICO;53001;CALZADO P/HOMBRE PLASTICO;53001002;CHANCLETAS P/HOMBRE D/DEDO;5074;1368;770;303;393;187;1;2
53;CALZADO PLASTICO;53001;CALZADO P/HOMBRE PLASTICO;53001004;CHANCLETAS P/HOMBRE D/METER;7755;1572;387;42;50;3280;1;29
53;CALZADO PLASTICO;53001;CALZADO P/HOMBRE PLASTICO;53001006;CHANCLETAS P/HOMBRE CROCS FINA;2856;360;786;234;125;264;0;3
53;CALZADO PLASTICO;53002;CALZADO P/DAMA PLASTICO;53002001;CHANCLETAS P/DAMA CROCS;4320;1236;177;67;554;1788;0;10
53;CALZADO PLASTICO;53002;CALZADO P/DAMA PLASTICO;53002002;CHANCLETAS P/DAMA D/DEDO;6544;1992;215;48;557;1304;4;12
53;CALZADO PLASTICO;53002;CALZADO P/DAMA PLASTICO;53002004;CHANCLETAS P/DAMA D/METER;6870;1386;276;98;48;3559;2;30
53;CALZADO PLASTICO;53002;CALZADO P/DAMA PLASTICO;53002006;SANDALIAS P/DAMA PLASTICAS;6138;1506;242;7;24;2886;5;26
53;CALZADO PLASTICO;53002;CALZADO P/DAMA PLASTICO;53002007;CHANCLETAS P/DAMA CROCS MODA;2408;684;276;78;297;841;0;7
53;CALZADO PLASTICO;53002;CALZADO P/DAMA PLASTICO;53002009;CHANCLETAS P/DAMA CROCS FINA;2256;492;1661;388;311;326;0;2
53;CALZADO PLASTICO;53003;CALZADO P/NIÑO JUV PLASTICO;53003001;CHANCLETAS P/NIÑO JUV CROCS;4458;1224;250;500;761;1148;0;8
53;CALZADO PLASTICO;53003;CALZADO P/NIÑO JUV PLASTICO;53003002;CHANCLETAS P/NIÑO JUV D/DEDO;2892;998;380;176;175;137;0;1
53;CALZADO PLASTICO;53003;CALZADO P/NIÑO JUV PLASTICO;53003004;CHANCLETAS P/NIÑO JUV D/METER;4896;1322;113;6;59;3087;1;19
53;CALZADO PLASTICO;53004;CALZADO P/NIÑO PRE-JUV PLASTICO;53004001;CHANCLETAS P/NIÑO PRE-JUV CROCS;5124;1194;74;82;17;2838;1;18
53;CALZADO PLASTICO;53004;CALZADO P/NIÑO PRE-JUV PLASTICO;53004008;CHANCLETAS P/NIÑO PRE-JUV CROCS FINA;1290;498;28;6;21;2797;0;19
53;CALZADO PLASTICO;53005;CALZADO P/NIÑO INF PLASTICO;53005001;CHANCLETAS P/NIÑO INF CROCS;4634;1546;60;24;20;1938;0;15
53;CALZADO PLASTICO;53005;CALZADO P/NIÑO INF PLASTICO;53005002;CHANCLETAS P/NIÑO INF D/DEDO;2940;840;896;372;365;37;13;1
53;CALZADO PLASTICO;53005;CALZADO P/NIÑO INF PLASTICO;53005004;SANDALIAS P/NIÑO INF PLASTICAS;1476;432;533;65;235;199;0;1
53;CALZADO PLASTICO;53005;CALZADO P/NIÑO INF PLASTICO;53005007;CHANCLETAS P/NIÑO INF CROCS FINA;1974;510;53;30;5;1744;0;17
53;CALZADO PLASTICO;53006;CALZADO P/NIÑO PRE-INF PLASTICO;53006001;CHANCLETAS P/NIÑO PRE-INF CROCS;3708;1282;55;36;17;1040;1;12
53;CALZADO PLASTICO;53006;CALZADO P/NIÑO PRE-INF PLASTICO;53006004;SANDALIAS P/NIÑO PRE-INF PLASTICAS;1674;672;565;45;434;198;0;2
53;CALZADO PLASTICO;53008;CALZADO P/NIÑA JUV PLASTICO;53008001;CHANCLETAS P/NIÑA JUV CROCS;4006;1200;90;166;13;67;1;1
53;CALZADO PLASTICO;53008;CALZADO P/NIÑA JUV PLASTICO;53008002;CHANCLETAS P/NIÑA JUV D/DEDO;3222;0;187;12;;366;3;2
53;CALZADO PLASTICO;53008;CALZADO P/NIÑA JUV PLASTICO;53008007;CHANCLETAS P/NIÑA JUV CROCS FINA;1980;492;68;12;34;228;0;3
53;CALZADO PLASTICO;53009;CALZADO P/NIÑA INF PLASTICO;53009001;CHANCLETAS P/NIÑA INF CROCS;4254;1290;13;9;7;1602;0;15
53;CALZADO PLASTICO;53009;CALZADO P/NIÑA INF PLASTICO;53009003;CHANCLETAS P/NIÑA INF D/METER;4146;780;96;24;63;361;2;4
53;CALZADO PLASTICO;53009;CALZADO P/NIÑA INF PLASTICO;53009004;SANDALIAS P/NIÑA INF PLASTICAS;2220;552;110;43;6;1702;0;10
53;CALZADO PLASTICO;53009;CALZADO P/NIÑA INF PLASTICO;53009006;CHANCLETAS P/NIÑA INF CROCS FINA;1920;480;186;41;20;484;0;7
53;CALZADO PLASTICO;53010;CALZADO P/NIÑA PRE-INF PLASTICO;53010002;CHANCLETAS P/NIÑA PRE-INFANTIL CROCS;3274;690;65;58;9;1104;2;11
53;CALZADO PLASTICO;53010;CALZADO P/NIÑA PRE-INF PLASTICO;53010004;SANDALIAS P/NIÑA PRE-INF PLASTICAS;2052;588;10;0;10;708;1;4
50;CELEBRACIONES;50001;NAVIDAD;50001001;SET PELOTAS D/NAVIDAD;5868;1008;5654;192;756;99;181;1
50;CELEBRACIONES;50001;NAVIDAD;50001004;ADORNO NAVIDEÑO;18258;2556;17531;540;2222;12587;1549;66
50;CELEBRACIONES;50001;NAVIDAD;50001008;GORRO NAVIDEÑO;444;0;417;0;;91;5;1
50;CELEBRACIONES;50001;NAVIDAD;50001009;ESTRELLA P/ARBOL NAVIDEÑO;1146;198;1090;45;147;1390;136;12
50;CELEBRACIONES;50001;NAVIDAD;50001010;ARBOL DE NAVIDAD P/ESCRITORIO;1020;372;952;60;282;128;12;1
50;CELEBRACIONES;50001;NAVIDAD;50001011;RAMAS NAVIDEÑO;16608;2688;15850;600;2051;11875;1495;36
50;CELEBRACIONES;50001;NAVIDAD;50001013;SET ADORNOS NAVIDEÑOS;8472;1932;8095;333;1713;6352;1267;19
50;CELEBRACIONES;50001;NAVIDAD;50001015;PASCUA NAVIDEÑA;23136;5004;21859;816;3638;23452;3052;71
50;CELEBRACIONES;50001;NAVIDAD;50001022;ALFOMBRA NAVIDEÑA;222;54;208;9;42;63;3;1
50;CELEBRACIONES;50001;NAVIDAD;50001024;CHONGO NAVIDEÑO;4164;768;4022;132;582;361;135;2
50;CELEBRACIONES;50002;PIÑATERIA;50002001;SET GLOBOS BABY SHOWER;1362;186;829;0;6;244;0;3
50;CELEBRACIONES;50002;PIÑATERIA;50002004;SET GLOBOS FELIZ CUMPLEAÑOS;1782;204;1539;0;131;1428;0;3
50;CELEBRACIONES;50002;PIÑATERIA;50002005;SET GLOBOS DE AMOR;3096;264;2455;0;78;234;52;3
50;CELEBRACIONES;50002;PIÑATERIA;50002010;SET GLOBOS+FRASE FELIZ CUMPLEAÑOS;16394;864;15236;0;497;20633;3;58
50;CELEBRACIONES;50002;PIÑATERIA;50002013;BANDERINES ;4440;552;2262;0;40;1575;109;18
50;CELEBRACIONES;50002;PIÑATERIA;50002014;BOLSAS P/DULCES D/CUMPLEAÑOS;6498;864;4032;0;203;1379;0;8
50;CELEBRACIONES;50002;PIÑATERIA;50002016;PLATOS P/CELEBRACIONES;6276;936;4185;0;261;2631;19;14
50;CELEBRACIONES;50002;PIÑATERIA;50002017;VASOS P/CELEBRACIONES;5442;714;3105;0;147;1379;3;11
50;CELEBRACIONES;50002;PIÑATERIA;50002018;GLOBOS  FRASE FELIZ CUMPLEAÑOS;3570;516;3055;0;392;1813;21;5
50;CELEBRACIONES;50002;PIÑATERIA;50002020;GLOBO ANIMALES;2250;264;1475;0;13;852;6;6
50;CELEBRACIONES;50002;PIÑATERIA;50002021;SET GUIRNALDAS DE GLOBOS (PARA ARCOS);2110;312;2006;0;292;1726;8;11
50;CELEBRACIONES;50002;PIÑATERIA;50002022;GLOBOS METALIZADO FIGURAS;1632;174;1286;0;22;120;0;1
50;CELEBRACIONES;50002;PIÑATERIA;50002026;GLOBOS METALIZADO SAN VALENTIN;1620;156;1394;0;77;228;0;1
50;CELEBRACIONES;50002;PIÑATERIA;50002027;SET GLOBOS BASICOS (BOLSA);2112;198;1998;0;196;881;0;7
50;CELEBRACIONES;50004;EMPAQUES DE REGALO;50004001;TARJETAS;912;54;579;0;27;454;71;1
50;CELEBRACIONES;50004;EMPAQUES DE REGALO;50004008;BOLSA DE REGALO BABY SHOWER T-S;1140;438;30;36;45;4357;48;4
50;CELEBRACIONES;50004;EMPAQUES DE REGALO;50004009;BOLSA DE REGALO BABY SHOWER T-M;1236;438;137;120;153;3025;0;7
50;CELEBRACIONES;50004;EMPAQUES DE REGALO;50004010;BOLSA DE REGALO BABY SHOWER T-L;1014;330;38;24;63;2220;24;6
50;CELEBRACIONES;50004;EMPAQUES DE REGALO;50004013;BOLSA DE REGALO CUMPLEAÑOS T-S;10370;2274;496;120;183;15535;0;18
50;CELEBRACIONES;50004;EMPAQUES DE REGALO;50004014;BOLSA DE REGALO CUMPLEAÑOS T-M;9638;1950;347;426;457;3299;3;10
50;CELEBRACIONES;50004;EMPAQUES DE REGALO;50004015;BOLSA DE REGALO CUMPLEAÑOS T-L;5178;912;151;0;102;5146;49;16
50;CELEBRACIONES;50004;EMPAQUES DE REGALO;50004028;BOLSA DE REGALO P/DAMA T-S;8526;1524;0;312;36;9372;1;20
50;CELEBRACIONES;50004;EMPAQUES DE REGALO;50004029;BOLSA DE REGALO P/DAMA T-M;9898;1968;26;588;66;5783;1;10
50;CELEBRACIONES;50004;EMPAQUES DE REGALO;50004030;BOLSA DE REGALO P/DAMA T-L;5424;1020;88;192;81;8869;1;16
50;CELEBRACIONES;50004;EMPAQUES DE REGALO;50004033;BOLSA DE REGALO P/HOMBRE T-S;5166;1116;78;48;36;9216;0;15
50;CELEBRACIONES;50004;EMPAQUES DE REGALO;50004034;BOLSA DE REGALO P/HOMBRE T-M;3600;840;55;0;57;4835;0;12
50;CELEBRACIONES;50004;EMPAQUES DE REGALO;50004035;BOLSA DE REGALO P/HOMBRE T-L;3612;804;733;168;50;1788;1;3
50;CELEBRACIONES;50004;EMPAQUES DE REGALO;50004038;BOLSA DE REGALO P/NIÑA T-S;5526;924;342;0;124;3398;1;7
50;CELEBRACIONES;50004;EMPAQUES DE REGALO;50004039;BOLSA DE REGALO P/NIÑA T-M;4134;864;186;72;67;1944;60;5
50;CELEBRACIONES;50004;EMPAQUES DE REGALO;50004040;BOLSA DE REGALO P/NIÑA T-L;2658;732;17;48;75;1966;1;6
50;CELEBRACIONES;50004;EMPAQUES DE REGALO;50004043;BOLSA DE REGALO P/NIÑO T-S;5993;1200;353;252;55;4943;26;7
50;CELEBRACIONES;50004;EMPAQUES DE REGALO;50004044;BOLSA DE REGALO P/NIÑO T-M;4296;888;20;120;80;2795;49;9
50;CELEBRACIONES;50004;EMPAQUES DE REGALO;50004045;BOLSA DE REGALO P/NIÑO T-L;4158;960;45;108;88;1729;13;7
50;CELEBRACIONES;50004;EMPAQUES DE REGALO;50004048;BOLSA DE REGALO SAN VALENTIN T-S;5017;1176;608;649;292;4107;0;12
50;CELEBRACIONES;50004;EMPAQUES DE REGALO;50004049;BOLSA DE REGALO SAN VALENTIN T-M;3582;780;359;492;170;5483;2;12
50;CELEBRACIONES;50004;EMPAQUES DE REGALO;50004050;BOLSA DE REGALO SAN VALENTIN T-L;3288;780;595;144;127;2488;0;8
50;CELEBRACIONES;50004;EMPAQUES DE REGALO;50004053;BOLSA DE REGALO UNISEX T-S;3234;726;10;0;38;11310;0;14
50;CELEBRACIONES;50004;EMPAQUES DE REGALO;50004054;BOLSA DE REGALO UNISEX T-M;3066;918;82;0;86;4909;1;11
50;CELEBRACIONES;50004;EMPAQUES DE REGALO;50004055;BOLSA DE REGALO UNISEX T-L;2508;612;81;0;88;2916;1;10
50;CELEBRACIONES;50004;EMPAQUES DE REGALO;50004058;BOLSA DE REGALO DIA DE LA MADRE T-S;5940;1848;103;96;;4030;0;6
06;DEPORTIVA;06001;DEPORTIVO P/HOMBRE;06001008;SHORTS P/HOM DEPORT;6520;1050;2380;1833;438;372;0;3
06;DEPORTIVA;06001;DEPORTIVO P/HOMBRE;06001009;BUSO P/HOMBRE MODA;2876;516;106;96;9;15597;2;58
06;DEPORTIVA;06001;DEPORTIVO P/HOMBRE;06001016;TACOS P/HOMBRE 37-42;2520;480;889;180;252;1206;3;1
06;DEPORTIVA;06001;DEPORTIVO P/HOMBRE;06001017;TACOS P/HOMBRE 38-43;1098;192;352;186;77;2527;1;4
06;DEPORTIVA;06001;DEPORTIVO P/HOMBRE;06001020;TACOS P/HOMBRE BOTA 38-43;618;258;552;0;230;1248;0;1
06;DEPORTIVA;06001;DEPORTIVO P/HOMBRE;06001023;BUSO P/HOMBRE DEPORTIVO ECONOMICO;5040;828;1053;634;66;6281;0;4
06;DEPORTIVA;06001;DEPORTIVO P/HOMBRE;06001025;TENIS P/HOMBRE TACOS;870;240;42;18;53;449;0;2
06;DEPORTIVA;06002;DEPORTIVO P/NIÑO JUV;06002004;TACOS P/NIÑO JUV;918;288;631;60;231;6156;0;5
06;DEPORTIVA;06002;DEPORTIVO P/NIÑO JUV;06002006;TACOS P/NIÑO JUV BOTA ALTA ;912;246;210;0;53;138;0;1
06;DEPORTIVA;06003;DEPORTIVO P/DAMA;06003002;CONJUNTO P/DAMA DEPORTIVO;1452;252;273;180;9;403;1;3
06;DEPORTIVA;06003;DEPORTIVO P/DAMA;06003003;LEGGING P/DAMA DEPORTIVA;3618;666;195;89;4;4336;17;19
06;DEPORTIVA;06003;DEPORTIVO P/DAMA;06003004;SHORTS P/DAMA DEPORTIVO;1368;468;770;61;253;126;0;1
06;DEPORTIVA;06003;DEPORTIVO P/DAMA;06003006;BIKER P/DAMA DEPORTIVO;2256;354;492;869;102;35;0;1
06;DEPORTIVA;06003;DEPORTIVO P/DAMA;06003008;CORPIÑO P/DAMA DEPORTIVO;1710;312;74;69;;646;0;4
06;DEPORTIVA;06003;DEPORTIVO P/DAMA;06003009;CONJUNTO P/DAMA DEPORTIVO BIKER;2244;690;148;119;10;2753;3;4
06;DEPORTIVA;06006;BALONES;06006001;PELOTA DE FUTBOL #5;2328;576;66;102;33;819;5;7
06;DEPORTIVA;06006;BALONES;06006002;PELOTA DE FUTBOL #4;501;171;15;18;6;589;1;3
06;DEPORTIVA;06006;BALONES;06006003;PELOTA DE FUTBOL #3;564;165;15;36;13;337;0;3
06;DEPORTIVA;06006;BALONES;06006006;PELOTA DE FUTBOL #2;630;321;208;24;166;96;1;2
06;DEPORTIVA;06006;BALONES;06006007;PELOTA D/FUTBOL EQUIPOS #5;1287;429;416;60;92;271;1;2
06;DEPORTIVA;06006;BALONES;06006008;PELOTA D/BALONCESTO P/NIÑO;375;87;32;0;17;184;0;3
06;DEPORTIVA;06007;ACCESORIOS DEPORTIVOS;06007001;GUANTES DEPORTIVO P/ARQUERO;1260;252;18;36;18;785;0;7
06;DEPORTIVA;06007;ACCESORIOS DEPORTIVOS;06007003;MEDIAS P/NIÑO DE FUTBOL JUV;3846;900;81;444;121;1509;3;5
06;DEPORTIVA;06007;ACCESORIOS DEPORTIVOS;06007004;ESPINILLERA P/HOMBRE;3772;906;73;0;14;5325;0;29
06;DEPORTIVA;06007;ACCESORIOS DEPORTIVOS;06007005;BRACERA DEPORTIVA;10156;1128;3431;1668;874;62;1;1
06;DEPORTIVA;06007;ACCESORIOS DEPORTIVOS;06007006;GUANTES P/EJERCICIO;684;132;7;0;3;556;0;6
06;DEPORTIVA;06007;ACCESORIOS DEPORTIVOS;06007015;CASCO P/MOTOCICLETA;258;97;17;12;9;596;3;11
06;DEPORTIVA;06007;ACCESORIOS DEPORTIVOS;06007017;CASCO P/CICLISTAS;357;129;6;12;;167;6;1
06;DEPORTIVA;06007;ACCESORIOS DEPORTIVOS;06007032;MEDIAS P/HOMBRE DEPORTIVAS LISA FUROR;6798;804;698;1248;45;72;6;2
06;DEPORTIVA;06007;ACCESORIOS DEPORTIVOS;06007038;CASCO D/MOTOCICLETA P/NIÑA;576;57;55;0;6;72;1;2
06;DEPORTIVA;06007;ACCESORIOS DEPORTIVOS;06007040;COBERTOR P/MOTOCICLETA;279;9;279;0;5;148;0;3
06;DEPORTIVA;06009;DEPORTIVO P/NIÑO PRE-JUV;06009001;TACOS P/NIÑO PRE-JUV;1224;396;422;36;167;199;0;1
08;HOGAR;08001;COCINA;08001005;SET DE CUCHILLOS;1572;564;339;67;325;12;0;1
08;HOGAR;08001;COCINA;08001006;SET DE CUCHARAS;3048;684;135;36;85;868;0;19
08;HOGAR;08001;COCINA;08001007;SET DE TENEDORES;2082;522;60;12;56;1427;0;19
08;HOGAR;08001;COCINA;08001008;ENSALADERAS;2364;561;1324;144;329;174;0;2
08;HOGAR;08001;COCINA;08001009;CUCHARON PLASTICOS;1062;366;100;10;19;196;0;5
08;HOGAR;08001;COCINA;08001013;MANTEL DE COCINA;13092;2082;103;12;517;4787;0;1
08;HOGAR;08001;COCINA;08001014;TOALLAS DE COCINA;6762;1236;42;672;477;650;-5.68434E-14;11
08;HOGAR;08001;COCINA;08001015;GANCHOS P/TENDER ROPA;2832;1148;933;93;503;489;0;1
08;HOGAR;08001;COCINA;08001016;ESCURRIDOR DE TRASTES PLASTICO;903;306;116;23;73;215;2;13
08;HOGAR;08001;COCINA;08001020;PORRONES DE COCINA;585;120;204;55;52;750;1;12
08;HOGAR;08001;COCINA;08001027;THERMO P/AGUA CALIENTE;563;144;530;0;98;246;3;2
08;HOGAR;08001;COCINA;08001028;PINZAS DE COCINA;1713;360;13;21;11;1587;0;16
08;HOGAR;08001;COCINA;08001032;SET PLATOS+TAZA P/NIÑO (ÑA);1017;201;156;146;21;333;0;8
08;HOGAR;08001;COCINA;08001034;SET D/COLADORES;495;162;0;51;;222;0;10
08;HOGAR;08001;COCINA;08001038;OLLAS D/PRESION;621;138;103;36;96;231;0;3
08;HOGAR;08001;COCINA;08001045;COLADOR PLASTICO;1110;324;121;66;77;223;1;4
08;HOGAR;08001;COCINA;08001048;ENVASE MULTIUSO PLASTICO;1014;264;233;52;56;2009;5;20
08;HOGAR;08001;COCINA;08001053;BANDEJAS MULTIUSO;645;222;506;54;176;3;0;1
08;HOGAR;08001;COCINA;08001065;TAZA DE VIDRIO;7668;2160;2073;862;1156;2155;23;22
08;HOGAR;08001;COCINA;08001066;SET DE TAZA CON PLATO;960;234;15;12;2;530;1;7
08;HOGAR;08001;COCINA;08001067;CORTINAS P/COCINA;957;180;45;60;2;486;1;4
08;HOGAR;08001;COCINA;08001076;TAZA PLASTICA;6174;1374;0;159;6;4863;1;43
08;HOGAR;08001;COCINA;08001079;VAJILLA;2166;522;413;158;22;331;0;9
08;HOGAR;08001;COCINA;08001089;SET DISPENSADOR DE SALSAS;954;240;59;0;57;3143;0;23
08;HOGAR;08001;COCINA;08001091;BOTE P/AGUA P/ADULTO;6960;1110;840;392;173;148;3;13
08;HOGAR;08001;COCINA;08001096;THERMO P/AGUA CALIENTE 1.0L;750;159;7;36;8;1885;1;12
08;HOGAR;08001;COCINA;08001097;THERMO P/AGUA CALIENTE 1.8L;689;147;91;21;70;958;3;6
08;HOGAR;08001;COCINA;08001098;THERMO P/AGUA CALIENTE 0.6L;566;126;421;36;72;41;0;1
08;HOGAR;08001;COCINA;08001100;PELADOR DE PAPAS;1368;420;113;0;21;320;2;6
08;HOGAR;08001;COCINA;08001104;MOLDE P/PALETAS;705;198;0;24;;469;1;7
08;HOGAR;08001;COCINA;08001107;PORTA HUEVOS;648;246;21;12;2;438;0;6
08;HOGAR;08001;COCINA;08001108;BOTE P/ACEITE;420;117;24;0;31;105;1;4
08;HOGAR;08001;COCINA;08001109;PORTASERVILLETAS;1290;312;0;0;38;437;2;10
08;HOGAR;08001;COCINA;08001112;TRITURADOR D/ALIMENTOS;1122;366;468;0;151;74;2;2
08;HOGAR;08001;COCINA;08001115;FRUTAS ARTIFICIALES DECORATIVAS D/COLGAR;4902;1254;95;3;16;1722;7;24
08;HOGAR;08001;COCINA;08001118;ESPATULA D/COCINA PLASTICA;992;348;223;36;85;19;0;3
08;HOGAR;08001;COCINA;08001122;ORGANIZADOR D/CUCHARAS Y TENEDORES;1248;288;545;90;134;5;0;1
08;HOGAR;08001;COCINA;08001123;SET DE ESPECIEROS;990;351;635;6;257;3;0;1
08;HOGAR;08001;COCINA;08001124;FRIDERA 12CM;675;402;0;36;7;834;-5;8
08;HOGAR;08001;COCINA;08001125;FRIDERA 14CM;1347;390;139;69;29;513;-6;6
08;HOGAR;08001;COCINA;08001126;FRIDERA 16CM;1416;600;717;57;399;12;-3;2
08;HOGAR;08001;COCINA;08001127;FRIDERA 18CM;906;318;284;0;140;10;0;1
08;HOGAR;08001;COCINA;08001128;FRIDERA 20CM;1116;300;151;8;36;267;0;8
08;HOGAR;08001;COCINA;08001129;FRIDERA 22CM;978;342;26;68;22;914;-3;12
08;HOGAR;08001;COCINA;08001130;FRIDERA 24CM;678;381;16;63;56;1018;0;11
08;HOGAR;08001;COCINA;08001131;FRIDERA 26CM;699;267;15;31;38;688;0;9
08;HOGAR;08001;COCINA;08001132;FRIDERA 28CM;732;330;58;50;39;651;-3;10
08;HOGAR;08001;COCINA;08001133;FRIDERA 30CM;516;168;290;63;86;180;0;2
08;HOGAR;08001;COCINA;08001134;SET DE FRIDERAS;;96;1;0;;9;0;1
08;HOGAR;08001;COCINA;08001135;JARRA DE VIDRIO;600;120;53;99;11;137;1;3
08;HOGAR;08001;COCINA;08001136;JARRA PLASTICA;2364;741;8;63;72;2658;5;28
08;HOGAR;08001;COCINA;08001137;SET JARRA+VASOS DE VIDRIO;1074;210;0;0;;1545;1;22
08;HOGAR;08001;COCINA;08001138;SET JARRA+VASOS PLASTICOS;2754;528;142;303;62;2831;4;29
08;HOGAR;08001;COCINA;08001139;SET VASOS DE VIDRIO;6936;1700;246;602;40;920;19;21
08;HOGAR;08001;COCINA;08001140;SET VASOS PLASTICOS;8862;2064;545;1032;382;2364;9;24
08;HOGAR;08001;COCINA;08001141;SET PLATOS PLASTICOS;1572;396;817;317;263;177;1;1
08;HOGAR;08001;COCINA;08001142;SET PLATOS DE VIDRIO;2124;606;1283;309;451;12;0;2
08;HOGAR;08001;COCINA;08001149;PLATO P/NIÑO Y NIÑA;4014;612;147;698;142;940;3;16
08;HOGAR;08001;COCINA;08001151;VASO C/PAJILLA MODA;3410;750;0;144;1;6301;17;66
08;HOGAR;08001;COCINA;08001152;VASO PLASTICO;2500;558;38;238;19;1274;1;13
08;HOGAR;08001;COCINA;08001154;VASO P/NIÑO Y NIÑA;4503;426;398;589;23;620;2;7
08;HOGAR;08001;COCINA;08001155;VASO THERMICO;3864;504;793;160;33;11841;5;74
08;HOGAR;08001;COCINA;08001156;SET TAZAS DE VIDRIO;3366;444;55;214;5;885;2;23
08;HOGAR;08001;COCINA;08001157;SET TAZAS DE PLASTICO;2616;417;198;378;129;155;6;6
08;HOGAR;08001;COCINA;08001159;SET DE OLLAS 3PZS;186;;25;104;;19;18;4
08;HOGAR;08001;COCINA;08001160;SET DE OLLAS 4PZS;324;;50;99;;94;8;2
08;HOGAR;08001;COCINA;08001163;SET DE OLLAS 7PZS;293;45;172;18;27;9;0;1
08;HOGAR;08001;COCINA;08001164;SET DE OLLAS 8PZS;107;34;2;0;3;18;0;1
08;HOGAR;08001;COCINA;08001167;SET DE OLLAS 12PZS;119;46;2;0;25;23;0;2
08;HOGAR;08001;COCINA;08001168;COLADOR METALICO;1536;324;0;90;5;284;0;15
08;HOGAR;08001;COCINA;08001176;THERMO P/AGUA CALIENTE 0.45L;459;81;102;23;14;1102;0;7
08;HOGAR;08001;COCINA;08001182;EXPRIMIDOR D/LIMON;942;168;28;0;;18;0;3
08;HOGAR;08001;COCINA;08001183;BOTE D/AGUA P/NIÑO(A);9438;2562;3313;391;1513;62;4;15
08;HOGAR;08001;COCINA;08001184;BOTE P/AGUA THERMICO;3546;786;939;252;479;3254;1;29
08;HOGAR;08001;COCINA;08001190;ALFOMBRA D/COCINA;729;243;152;12;99;40;0;1
08;HOGAR;08001;COCINA;08001195;THERMO P/AGUA CALIENTE 3.0L;209;63;132;20;;11;0;1
08;HOGAR;08001;COCINA;08001203;AFILADOR D/CUCHILLOS;498;117;0;24;7;14;0;4
08;HOGAR;08001;COCINA;08001204;MORTERO;360;123;13;0;63;9;0;2
08;HOGAR;08001;COCINA;08001208;VIANDA PLASTICA MEDIANA;3408;930;143;153;114;1176;2;40
08;HOGAR;08001;COCINA;08001210;SET VIANDAS PLASTICAS MEDIANAS;5508;1488;383;267;438;2521;6;44
08;HOGAR;08001;COCINA;08001213;TAZA SAN VALENTIN;3384;690;2128;653;528;5;2;1
08;HOGAR;08001;COCINA;08001215;TAZA EQUIPOS;4776;1020;0;0;;7926;7;10
08;HOGAR;08001;COCINA;08001218;SET VIANDAS GRANDES;1284;372;220;140;131;1695;2;8
08;HOGAR;08001;COCINA;08001219;CUCHARON D/ALUMINIO;1128;357;13;84;20;369;0;9
08;HOGAR;08001;COCINA;08001224;SET TAZA+ACCESORIOS SAN VALENTIN;3750;924;2393;804;746;4;0;1
08;HOGAR;08001;COCINA;08001225;SET TAZA+ACCESORIOS DIA DE LA MADRE;3316;924;931;553;275;52;2;7
08;HOGAR;08001;COCINA;08001229;BATIDORA MANUAL ALUMINIO;807;366;19;0;30;163;0;4
08;HOGAR;08001;COCINA;08001230;RALLADOR ALUMINIO;1410;252;874;75;217;15;0;1
08;HOGAR;08001;COCINA;08001232;TRITURADOR D/FRIJOLES ALUMINIO;528;186;265;6;100;9;0;1
08;HOGAR;08001;COCINA;08001237;CUCHILLO #8 MANGO METALICO;1668;570;1308;150;447;240;0;1
08;HOGAR;08001;COCINA;08001241;TAZA CUMPLEAÑOS;1356;408;797;324;299;4;1;1
08;HOGAR;08001;COCINA;08001243;VIANDA ELECTRICA;126;53;5;9;22;623;0;3
08;HOGAR;08001;COCINA;08001245;SET VIANDA+BOTE P/NIÑO(A);1836;426;27;25;4;4132;2;30
08;HOGAR;08001;COCINA;08001247;ORGANIZADOR DE DULCES;267;55;22;0;8;24;0;2
08;HOGAR;08001;COCINA;08001252;PLATO HONDO PLASTICO #9;1017;210;50;36;42;323;0;6
08;HOGAR;08001;COCINA;08001256;PLATO HONDO D/VIDRIO #7;2082;762;60;36;275;2893;3;8
08;HOGAR;08001;COCINA;08001257;PLATO HONDO D/VIDRIO #8;4074;1122;1190;767;768;1410;0;18
08;HOGAR;08001;COCINA;08001258;PLATO HONDO D/VIDRIO #9;1878;480;0;496;15;3174;3;20
08;HOGAR;08001;COCINA;08001259;PLATO HONDO D/VIDRIO #10;783;318;114;0;111;10;10;1
08;HOGAR;08001;COCINA;08001261;PLATO SECO PLASTICO #8;1224;366;330;197;226;223;0;2
08;HOGAR;08001;COCINA;08001265;PLATO SECO D/VIDRIO #7;1692;510;50;120;55;3821;1;3
08;HOGAR;08001;COCINA;08001266;PLATO SECO D/VIDRIO #8;2646;606;0;6;26;6635;0;22
08;HOGAR;08001;COCINA;08001267;PLATO SECO D/VIDRIO #9;2814;774;34;354;187;2368;1;18
08;HOGAR;08001;COCINA;08001268;PLATO SECO D/VIDRIO #10;1932;504;0;54;;4885;2;32
08;HOGAR;08001;COCINA;08001270;PLATO HONDO MELAMINA #6;1578;480;575;372;333;494;0;3
08;HOGAR;08001;COCINA;08001271;PLATO HONDO MELAMINA #7;1980;978;42;240;237;460;1;6
08;HOGAR;08001;COCINA;08001272;PLATO HONDO MELAMINA #8;2790;822;51;216;30;1551;3;14
08;HOGAR;08001;COCINA;08001273;PLATO HONDO MELAMINA #9;2034;612;42;323;119;1446;0;11
08;HOGAR;08001;COCINA;08001274;PLATO HONDO MELAMINA #10;1440;498;94;250;212;138;2;5
08;HOGAR;08001;COCINA;08001275;PLATO HONDO MELAMINA #11;978;468;570;66;334;78;0;1
08;HOGAR;08001;COCINA;08001277;PLATO SECO MELAMINA #6;1272;600;289;192;444;115;1;2
08;HOGAR;08001;COCINA;08001278;PLATO SECO MELAMINA #7;915;384;43;180;158;534;1;2
08;HOGAR;08001;COCINA;08001279;PLATO SECO MELAMINA #8;3000;996;116;138;99;2134;0;13
08;HOGAR;08001;COCINA;08001280;PLATO SECO MELAMINA #9;3528;906;161;437;169;1544;9;16
08;HOGAR;08001;COCINA;08001281;PLATO SECO MELAMINA #10;3804;906;395;282;210;1254;9;15
08;HOGAR;08001;COCINA;08001282;PLATO SECO MELAMINA #11;1278;426;740;69;81;55;5;2
08;HOGAR;08001;COCINA;08001283;PLATO SECO MELAMINA #12;858;366;189;6;254;83;0;3
08;HOGAR;08001;COCINA;08001290;ORGANIZADOR MULTIUSO PLASTICO 2 PISOS;498;66;97;45;7;506;0;7
08;HOGAR;08001;COCINA;08001291;ORGANIZADOR MULTIUSO PLASTICO 3 PISOS;678;126;84;51;34;2081;0;21
08;HOGAR;08001;COCINA;08001292;ORGANIZADOR MULTIUSO PLASTICO 4 PISOS;408;66;38;24;11;1779;0;25
08;HOGAR;08001;COCINA;08001298;VASO MELAMINA;738;285;18;0;22;1792;0;10
08;HOGAR;08001;COCINA;08001301;PLATO SOPERO PLASTICO #7;1506;300;833;498;43;12;6;2
08;HOGAR;08001;COCINA;08001303;PLATO SOPERO PLASTICO #9;1488;432;918;468;379;3;0;1
08;HOGAR;08001;COCINA;08001304;PLATO SOPERO D/VIDRIO #6;1386;438;506;222;249;1497;8;9
08;HOGAR;08001;COCINA;08001305;PLATO SOPERO D/VIDRIO #7;1500;516;4;17;176;4375;10;18
08;HOGAR;08001;COCINA;08001306;PLATO SOPERO D/VIDRIO #8;1872;546;553;120;333;2905;7;17
08;HOGAR;08001;COCINA;08001307;PLATO SOPERO D/VIDRIO #9;1014;378;105;126;183;816;3;6
08;HOGAR;08001;COCINA;08001309;PLATO SOPERO MELAMINA #6;1272;390;10;102;37;1240;0;10
08;HOGAR;08001;COCINA;08001310;PLATO SOPERO MELAMINA #7;2727;606;100;207;4;2271;0;19
08;HOGAR;08001;COCINA;08001311;PLATO SOPERO MELAMINA #8;2748;702;145;774;173;1640;3;16
08;HOGAR;08001;COCINA;08001312;PLATO SOPERO MELAMINA #9;1482;384;80;388;22;608;0;5
08;HOGAR;08001;COCINA;08001315;VIANDA PLASTICA PEQUEÑA;1377;225;255;144;56;49;0;6
08;HOGAR;08001;COCINA;08001317;VIANDA PLASTICA GRANDE;1158;342;35;96;56;1239;3;15
08;HOGAR;08001;COCINA;08001320;OLLA PEQUEÑA P/HERVIR;654;210;455;6;166;146;0;2
08;HOGAR;08001;COCINA;08001323;OLLA 18CM;249;44;34;8;7;8;0;1
08;HOGAR;08001;COCINA;08001324;OLLA 20CM;248;78;1;27;2;47;0;4
08;HOGAR;08001;COCINA;08001328;OLLA 24CM;128;42;4;6;6;173;0;3
08;HOGAR;08001;COCINA;08001330;OLLA 26CM;133;42;2;0;30;306;0;6
08;HOGAR;08001;COCINA;08001332;OLLA 28CM;114;44;101;6;34;4;0;1
08;HOGAR;08001;COCINA;08001333;OLLA 30CM;86;44;3;0;5;59;0;5
08;HOGAR;08001;COCINA;08001336;OLLA 38CM;82;44;78;0;2;30;0;1
08;HOGAR;08001;COCINA;08001342;OLLA 16CM;93;32;31;6;10;66;0;1
08;HOGAR;08001;COCINA;08001349;FRIDERA ALTA 18CM;309;96;214;47;51;14;0;1
08;HOGAR;08001;COCINA;08001363;VIANDA THERMICA;1902;360;401;118;113;498;0;22
08;HOGAR;08001;COCINA;08001376;LONCHERA THERMICA;1206;336;128;12;27;253;9;6
08;HOGAR;08001;COCINA;08001377;SET COPAS PLASTICAS;1776;408;48;12;101;2444;1;21
08;HOGAR;08001;COCINA;08001384;COLADOR P/FREIR TAJADAS;615;219;217;0;24;104;0;3
08;HOGAR;08001;COCINA;08001386;RALLADOR C/MANGO;696;147;0;0;39;2162;0;16
08;HOGAR;08001;COCINA;08001387;RALLADOR C/DEPOSITO D/PLASTICO;756;93;411;6;56;5;0;1
08;HOGAR;08001;COCINA;08001388;SET VASOS D/VIDRIO 4oz;441;180;429;0;144;296;0;2
08;HOGAR;08001;COCINA;08001397;ENVASE MULTIUSO D/VIDRIO;645;204;1;0;9;465;1;17
08;HOGAR;08001;COCINA;08001398;TABLA P/PICAR PLASTICA GRANDE 36 A 45CM;828;324;408;12;207;6;0;1
08;HOGAR;08001;COCINA;08001399;TABLA P/PICAR PLASTICA MEDIANA 26 A 35CM;1341;432;272;42;226;312;0;4
08;HOGAR;08001;COCINA;08001400;TABLA P/PICAR PLASTICA PEQUEÑA 19 A 25CM;825;324;368;0;210;428;0;1
08;HOGAR;08001;COCINA;08001401;TABLA P/PICAR MADERA GRANDE 36 A 45CM;915;342;396;12;283;15;0;1
08;HOGAR;08001;COCINA;08001410;TAZA D/VIDRIO MODA;3264;804;0;0;;3011;2;28
08;HOGAR;08001;COCINA;08001416;FRIDERA ALTA 26CM;351;35;68;0;10;173;0;3
08;HOGAR;08001;COCINA;08001422;FRUTERO D/ALUMINIO;675;210;53;6;43;441;3;19
08;HOGAR;08001;COCINA;08001426;THERMO P/AGUA CALIENTE 2.0L;206;75;64;39;58;54;0;1
08;HOGAR;08001;COCINA;08001433;TAZA TERMICA;999;321;17;0;48;703;0;15
08;HOGAR;08001;COCINA;08001438;SET TENEDORES+CUCHARAS;1038;354;242;72;33;630;0;6
08;HOGAR;08001;COCINA;08001462;TAZA MELAMINA;564;168;14;0;11;26;0;3
08;HOGAR;08001;COCINA;08001475;CUCHARON SOPERO PLASTICO;1002;342;155;78;47;131;0;4
08;HOGAR;08001;COCINA;08001476;CUCHARON SOPERO ALUMINIO;1050;360;24;15;29;183;0;5
08;HOGAR;08001;COCINA;08001481;CUCHARON ESCURRIDOR ALUMINIO;1002;342;3;9;17;177;0;6
08;HOGAR;08001;COCINA;08001483;FRUTAS ARTIFICIALES DECORATIVAS RAMA;2574;888;1293;132;383;30;39;4
08;HOGAR;08001;COCINA;08001486;SET TOALLAS D/COCINA;2496;750;16;138;78;1499;1;19
08;HOGAR;08001;COCINA;08001490;PLATO SOPERO D/VIDRIO #5;1902;576;685;252;347;2791;0;12
08;HOGAR;08001;COCINA;08001491;FRUTA ARTIFICAL DECORATIVA D/MESA;4170;1428;19;168;11;856;17;15
08;HOGAR;08001;COCINA;08001498;SET D/VASOS ACRILICOS;960;354;1;0;146;1844;1;9
08;HOGAR;08001;COCINA;08001502;PLATO HONDO D/VIDRIO #11;540;0;267;60;;36;;1
08;HOGAR;08001;COCINA;08001503;JARRA ACRILICA;687;192;14;0;28;733;0;11
08;HOGAR;08001;COCINA;08001504;SET JARRA+VASOS ACRILICOS;696;198;78;0;38;1515;3;19
08;HOGAR;08001;COCINA;08001509;TAZA ACRILICA;1512;276;117;36;13;409;12;9
08;HOGAR;08001;COCINA;08001510;VASO ACRILICO;843;198;177;0;69;31;11;5
08;HOGAR;08001;COCINA;08001514;SET TAZA+ACCESORIOS GRADUACION;828;189;587;0;87;128;0;1
08;HOGAR;08001;COCINA;08001515;VASO CERVECERO;1005;342;284;168;59;905;0;6
08;HOGAR;08001;COCINA;08001516;VASO TERMICO MODA;1254;324;49;359;238;2887;0;12
08;HOGAR;08001;COCINA;08001517;VASO P/NIÑO(A) MODA;1722;450;981;384;352;6;0;2
08;HOGAR;08001;COCINA;08001518;PAN ARTIFICIAL DECORATIVO D/MESA;3144;948;1482;0;53;13;0;3
08;HOGAR;08001;COCINA;08001520;TAZA D/VIDRIO CARICATURAS;1710;594;565;81;321;39;1;9
08;HOGAR;08001;COCINA;08001521;TAZA P/NIÑO(A) PLASTICA ;2154;618;1537;375;346;6;0;1
08;HOGAR;08001;COCINA;08001522;SET D/TAZAS ACRILICAS;615;219;305;48;;6;;1
08;HOGAR;08001;COCINA;08001524;FRIDERA 32CM;627;264;456;60;131;119;-2;1
08;HOGAR;08001;COCINA;08001527;SET CUCHARONES PLASTICOS;1230;372;416;24;68;27;2;2
08;HOGAR;08001;COCINA;08001528;SET CUCHARONES D/MADERA;1230;372;813;39;323;65;0;4
08;HOGAR;08001;COCINA;08001529;CUCHILLO #5 MANGO MADERA;1792;678;795;102;482;27;0;2
08;HOGAR;08001;COCINA;08001530;CUCHILLO #6 MANGO MADERA;1810;678;428;78;375;624;12;3
08;HOGAR;08001;COCINA;08001531;CUCHILLO #7 MANGO MADERA;1488;678;67;84;229;721;1;3
08;HOGAR;08001;COCINA;08001532;CUCHILLO #8 MANGO MADERA;1810;666;141;81;240;480;0;2
08;HOGAR;08001;COCINA;08001533;CUCHILLO #9 MANGO MADERA;1542;636;163;48;291;720;2;3
08;HOGAR;08002;BAÑO;08002001;TOALLA DE BAÑO;6974;804;413;2256;381;3635;2;25
08;HOGAR;08002;BAÑO;08002002;CORTINAS DE BAÑO;3430;978;73;0;41;2470;1;43
08;HOGAR;08002;BAÑO;08002003;TAPADERA P/BAÑO;354;78;15;0;3;1120;1;23
08;HOGAR;08002;BAÑO;08002005;SET DE CORTINA P/BAÑO;639;252;456;84;224;24;0;1
08;HOGAR;08002;BAÑO;08002010;PASTE DE BAÑO;2130;594;89;12;69;3583;0;13
08;HOGAR;08002;BAÑO;08002011;ORGANIZADOR DE BAÑO;945;144;301;12;14;2418;4;27
08;HOGAR;08002;BAÑO;08002012;ASIENTO P/INODORO;372;114;318;0;73;260;0;5
08;HOGAR;08002;BAÑO;08002013;CEPILLO P/BAÑO C/BASE;1482;375;5;66;93;1031;2;17
08;HOGAR;08002;BAÑO;08002018;ALFOMBRAS P/BAÑO;1890;420;24;24;12;1259;0;12
08;HOGAR;08002;BAÑO;08002022;DISPENSADOR P/JABON LIQUIDO;732;201;25;0;41;1363;3;19
08;HOGAR;08002;BAÑO;08002023;JABONERA ;1902;498;90;0;8;362;7;3
08;HOGAR;08002;BAÑO;08002026;SET ALFOMBRAS P/BAÑO;618;117;70;42;26;885;0;19
08;HOGAR;08002;BAÑO;08002028;TOALLA DE MANO;13288;2364;0;84;;3142;3;19
08;HOGAR;08002;BAÑO;08002029;TOALLA DE BAÑO P/NIÑO(A);4770;1062;31;1158;19;8078;0;31
08;HOGAR;08002;BAÑO;08002030;ORGANIZADOR D/CEPILLO DENTAL;426;114;17;0;4;210;4;8
08;HOGAR;08002;BAÑO;08002032;SET JABONERA;339;114;14;0;4;60;1;2
08;HOGAR;08002;BAÑO;08002033;PASTE DE BAÑO C/MANGO;960;312;0;6;7;1038;0;6
08;HOGAR;08002;BAÑO;08002034;CEPILLO P/BAÑO S/BASE;699;174;7;0;15;658;1;6
08;HOGAR;08002;BAÑO;08002035;TOALLA D/BAÑO WESTERN;13517;4056;150;947;129;11207;13;14
08;HOGAR;08002;BAÑO;08002038;TOALLA D/BAÑO EQUIPOS ;6144;996;32;410;;7724;0;10
08;HOGAR;08003;DORMITORIO;08003003;CANASTA P/ROPA REDONDA;687;198;168;0;29;382;2;5
08;HOGAR;08003;DORMITORIO;08003012;SABANA PELUCHE;11046;2064;120;509;85;20072;6;15
08;HOGAR;08003;DORMITORIO;08003017;GANCHO D/CLOSET D/ADULTO;1536;498;172;96;138;2349;0;18
08;HOGAR;08003;DORMITORIO;08003020;VELA AROMATIZANTE;1494;429;825;0;189;40;4;2
08;HOGAR;08003;DORMITORIO;08003023;SOPORTE DE TV;264;61;264;0;2;17;;1
08;HOGAR;08003;DORMITORIO;08003028;ALMOHADA MATRIMONIAL;1698;354;37;48;9;1300;0;21
08;HOGAR;08003;DORMITORIO;08003029;ALMOHADA ORTOPEDICA;807;123;298;12;112;5;0;1
08;HOGAR;08003;DORMITORIO;08003039;ALMOHADA P/CUELLO ADULTO;1512;348;178;21;42;40;0;5
08;HOGAR;08003;DORMITORIO;08003043;SET DE CAMERAS FULL;2604;564;11;78;32;2621;0;23
08;HOGAR;08003;DORMITORIO;08003044;SET DE CAMERAS QUEEN SIZE;1674;420;11;77;102;1725;0;17
08;HOGAR;08003;DORMITORIO;08003045;SET DE CAMERAS KING SIZE;1368;321;71;94;115;1300;0;8
08;HOGAR;08003;DORMITORIO;08003049;LAMPARA P/DORMITORIO;1122;156;125;6;80;137;3;10
08;HOGAR;08003;DORMITORIO;08003051;CANASTA P/ROPA CUADRADA;351;108;252;12;43;3;0;1
08;HOGAR;08003;DORMITORIO;08003054;ALFOMBRA P/NIÑO;777;237;495;0;215;18;0;2
08;HOGAR;08003;DORMITORIO;08003059;RAQUETA MATA MOSCAS ;744;159;14;0;23;596;0;7
08;HOGAR;08003;DORMITORIO;08003065;ALMOHADA D/CUELLO P/NIÑO(A);1164;330;30;24;12;507;1;15
08;HOGAR;08004;SALA DE HOGAR;08004001;CORTINAS P/SALA LISA;2340;600;19;76;25;1675;4;36
08;HOGAR;08004;SALA DE HOGAR;08004002;RELOJ PARA PARED;678;192;116;3;30;778;10;10
08;HOGAR;08004;SALA DE HOGAR;08004003;ADORNOS P/PARED;3834;1314;2567;636;1139;3;1;1
08;HOGAR;08004;SALA DE HOGAR;08004004;CUADROS;1215;216;199;12;28;848;2;9
08;HOGAR;08004;SALA DE HOGAR;08004007;ALFOMBRAS DE ENTRADA;1440;492;230;39;205;237;0;9
08;HOGAR;08004;SALA DE HOGAR;08004008;COJINES P/SALA;1326;255;51;2;13;1794;3;24
08;HOGAR;08004;SALA DE HOGAR;08004012;FLOREROS;792;147;16;0;37;644;0;13
08;HOGAR;08004;SALA DE HOGAR;08004013;ACCESORIOS;996;222;784;0;72;24;0;1
08;HOGAR;08004;SALA DE HOGAR;08004023;FLORES ARTIFICIALES DECORATIVAS D/MESA;5268;660;123;502;26;1783;2;25
08;HOGAR;08004;SALA DE HOGAR;08004026;FOCO DE TECHO;1572;468;68;6;66;202;3;11
08;HOGAR;08004;SALA DE HOGAR;08004028;BANCOS P/SENTARCE;453;141;69;33;12;102;1;4
08;HOGAR;08004;SALA DE HOGAR;08004030;VELAS SIN AROMA;642;0;12;0;;339;0;5
08;HOGAR;08004;SALA DE HOGAR;08004031;ADORNOS P/MESA;3012;786;218;124;193;727;6;41
08;HOGAR;08004;SALA DE HOGAR;08004033;BATERIAS AAA;2142;804;1869;0;339;3;12;1
08;HOGAR;08004;SALA DE HOGAR;08004034;ALFOMBRA DE SALA;1041;216;625;132;171;3;0;1
08;HOGAR;08004;SALA DE HOGAR;08004036;LAMPARA DE MESA FIGURAS;729;207;256;18;84;5;3;1
08;HOGAR;08004;SALA DE HOGAR;08004037;LAMPARA DE ESCRITORIO;591;171;47;24;28;286;0;10
08;HOGAR;08004;SALA DE HOGAR;08004040;LAMPARA P/NIÑOS;1104;216;3;66;;763;3;11
08;HOGAR;08004;SALA DE HOGAR;08004042;RELOJ D/PARED P/NIÑOS;714;192;494;0;112;3;0;1
08;HOGAR;08004;SALA DE HOGAR;08004043;ESPEJOS DE HOGAR;317;85;258;12;15;34;3;2
08;HOGAR;08004;SALA DE HOGAR;08004044;PLANTA ARTIFICIAL DECORATIVA D/MESA;5808;588;48;265;21;3285;8;37
08;HOGAR;08004;SALA DE HOGAR;08004048;COJIN SAN VALENTIN;3135;774;2447;96;520;6;0;2
08;HOGAR;08004;SALA DE HOGAR;08004049;SET CORTINA P/SALA;1260;180;240;0;122;40;2;1
08;HOGAR;08004;SALA DE HOGAR;08004050;FLORES ARTIFICIALES DECORATIVAS D/COLGAR;3672;690;1407;0;419;913;1;6
08;HOGAR;08004;SALA DE HOGAR;08004054;CORTINA P/SALA ESTAMPADA;1077;324;44;54;24;722;1;10
08;HOGAR;08004;SALA DE HOGAR;08004055;SET CORTINAS P/SALA ESTAMPADAS;2550;444;89;6;9;6887;0;2
08;HOGAR;08004;SALA DE HOGAR;08004063;LETRAS METALICAS;1578;540;31;0;79;460;2;10
08;HOGAR;08004;SALA DE HOGAR;08004064;ESPEJO D/PARED DECORATIVO ;262;65;109;0;34;14;4;3
08;HOGAR;08004;SALA DE HOGAR;08004066;RELOJ D/MESA P/NIÑOS;714;195;4;0;8;203;3;6
08;HOGAR;08004;SALA DE HOGAR;08004067;INCIENSOS;12942;2850;5047;0;760;2489;0;9
08;HOGAR;08004;SALA DE HOGAR;08004068;FORROS P/MUEBLE;540;48;4;9;14;584;0;22
08;HOGAR;08004;SALA DE HOGAR;08004072;RELOJ DE MESA;633;153;131;0;17;2855;1;12
08;HOGAR;08004;SALA DE HOGAR;08004077;BATERIAS D;690;432;352;0;197;102;248;1
08;HOGAR;08004;SALA DE HOGAR;08004081;RETRATERA PERSONAL C/LUZ ;1599;420;1205;6;285;3;3;1
08;HOGAR;08005;LINEA BLANCA;08005004;ESTUFA DE GAS;184;51;46;6;34;212;0;1
08;HOGAR;08005;LINEA BLANCA;08005005;ESTUFA ELECTRICA 1 QUEMADOR;261;72;72;12;4;971;1;8
08;HOGAR;08005;LINEA BLANCA;08005009;VENTILADOR PORTATIL;4692;1098;248;226;213;4988;35;59
08;HOGAR;08005;LINEA BLANCA;08005010;VENTILADOR ´´10´´;1664;560;23;251;58;1371;13;3
08;HOGAR;08005;LINEA BLANCA;08005012;VENTILADOR ´´16´´;1224;464;0;77;46;1450;4;2
08;HOGAR;08005;LINEA BLANCA;08005013;VENTILADOR ´´18´´;2216;756;282;144;195;5011;9;2
08;HOGAR;08005;LINEA BLANCA;08005015;VENTILADOR ´´18´´ GRIS/BLANCO FINO;1212;366;272;82;120;105;8;1
08;HOGAR;08005;LINEA BLANCA;08005016;ESTUFA ELECTRICA 2 QUEMADORES;362;69;134;36;45;532;0;6
08;HOGAR;08005;LINEA BLANCA;08005017;ESTUFA ELECTRICA 3 QUEMADORES;203;63;104;0;;173;0;1
08;HOGAR;08005;LINEA BLANCA;08005019;EXTENSIONES ELECTRICAS;405;138;56;0;48;26;8;5
08;HOGAR;08006;EQUIPAJE;08006006;MALETA 27;327;77;290;32;69;3;3;1
08;HOGAR;08006;EQUIPAJE;08006007;MALETA 28;194;66;21;12;7;778;0;3
08;HOGAR;08006;EQUIPAJE;08006008;MALETA 24;194;66;2;12;3;560;0;3
08;HOGAR;08006;EQUIPAJE;08006009;MALETA 20;194;66;2;12;;582;0;3
08;HOGAR;08006;EQUIPAJE;08006014;MALETA 18;188;66;9;32;5;26;0;3
08;HOGAR;08006;EQUIPAJE;08006019;MALETA 22;188;66;15;9;;827;1;3
08;HOGAR;08006;EQUIPAJE;08006024;MALETA 26;188;66;19;9;39;862;0;3
08;HOGAR;08006;EQUIPAJE;08006025;MALETA PLASTICA 18/19;188;66;29;16;5;14;0;2
08;HOGAR;08006;EQUIPAJE;08006027;MALETA PLASTICA 23/24;188;56;22;18;8;103;0;2
08;HOGAR;08006;EQUIPAJE;08006028;MALETA PLASTICA 25/26;188;66;11;18;4;66;0;1
08;HOGAR;08006;EQUIPAJE;08006029;MALETA PLASTICA 27/28;229;74;128;3;26;8;0;1
08;HOGAR;08006;EQUIPAJE;08006041;SOMBRILLAS C/MANGO;120;;12;18;;24;13;4
08;HOGAR;08006;EQUIPAJE;08006042;SOMBRILLAS P/NIÑA;1986;768;168;395;88;61;30;8
08;HOGAR;08006;EQUIPAJE;08006044;SOMBRILLAS D/BOLSO;1800;540;0;250;;3843;17;14
08;HOGAR;08007;LIMPIEZA;08007001;BASURERO;636;234;96;12;54;40;3;4
08;HOGAR;08007;LIMPIEZA;08007002;DESODORANTE AMBIENTAL;2608;1514;659;0;713;2715;144;11
08;HOGAR;08007;LIMPIEZA;08007005;SUAVIZANTE ACONDICIONADOR;1602;678;1223;6;590;265;156;9
08;HOGAR;08007;LIMPIEZA;08007006;CEPILLO P/LAVAR ROPA;1251;273;45;78;3;157;0;4
08;HOGAR;08007;LIMPIEZA;08007008;DESINFECTANTE D/AMBIENTES Y SUPERFICIE;1656;456;1534;0;274;10;199;1
08;HOGAR;08007;LIMPIEZA;08007013;JABON P/TRASTE BARRA;1752;728;1624;0;524;6;1;1
08;HOGAR;08007;LIMPIEZA;08007016;INSECTICIDA;612;288;316;0;89;1043;471;3
08;HOGAR;08007;LIMPIEZA;08007022;DETERGENTE LIQUIDO;234;70;233;0;44;4;0;1
08;HOGAR;08007;LIMPIEZA;08007032;PASTE DE LAVAR TRASTES;1722;414;2;0;;843;3;13
08;HOGAR;08007;LIMPIEZA;08007039;SET DE LIMPIEZA ESCOBA+RECOGEDOR;180;33;3;6;16;307;0;4
08;HOGAR;08007;LIMPIEZA;08007046;PASTILLAS P/INODORO;246;132;127;0;42;6;0;1
08;HOGAR;08007;LIMPIEZA;08007062;TOALLAS D/LIMPIEZA (FRANELA);3642;516;0;264;8;481;0;9
08;HOGAR;08007;LIMPIEZA;08007065;TOALLAS HUMEDAS P/CARRO ;855;24;756;0;8;53;0;1
08;HOGAR;08009;JARDINERIA;08009004;MACETERAS;4515;1356;962;57;197;2375;1;28
08;HOGAR;08009;JARDINERIA;08009005;MACETERA C/BASE;801;240;417;0;94;6;0;2
08;HOGAR;08009;JARDINERIA;08009006;MACETERA D/COLGAR;1503;300;310;0;25;509;0;7
08;HOGAR;08009;JARDINERIA;08009007;MACETERA D/PARED;1257;159;230;0;22;116;0;3
08;HOGAR;08009;JARDINERIA;08009008;MACETERA CUADRADA;1701;432;613;6;185;259;0;4
08;HOGAR;08009;JARDINERIA;08009009;MACETERA RECTANGULAR;1215;288;89;0;75;578;0;7
08;HOGAR;08009;JARDINERIA;08009011;CESPED ARTIFICAL;555;24;184;0;12;1157;0;2
08;HOGAR;08011;ENSERES MENORE;08011001;PLANCHA ELECTRICA;930;279;1;0;;2004;1;20
08;HOGAR;08011;ENSERES MENORE;08011003;BATIDORA;474;130;33;3;22;849;0;9
08;HOGAR;08011;ENSERES MENORE;08011004;TOSTADORA DE PAN;210;49;46;9;12;7;0;1
08;HOGAR;08011;ENSERES MENORE;08011006;LICUADORA;996;242;4;6;26;764;13;20
08;HOGAR;08011;ENSERES MENORE;08011007;ARROCERAS 1.2;249;54;153;12;24;4;0;1
08;HOGAR;08011;ENSERES MENORE;08011013;CAFETERA;552;138;37;0;31;1133;3;15
08;HOGAR;08011;ENSERES MENORE;08011014;PERCOLADORA;367;94;4;30;11;226;3;8
08;HOGAR;08011;ENSERES MENORE;08011022;TETERA ELECTRICA;219;96;173;0;;240;;1
08;HOGAR;08011;ENSERES MENORE;08011024;ARROCERAS 1.8;175;0;55;12;;6;;1
08;HOGAR;08011;ENSERES MENORE;08011026;ARROCERAS 2.2;185;0;62;12;;12;0;1
08;HOGAR;08012;FERRETERIA;08012003;SET D/HERRAMIENTAS;1362;420;1279;0;324;2113;0;3
09;INTERIOR DETALLE;09001;DI CABALLERO;09001001;BOXER P/HOMBRE P/CORTA MICROFIBRA;37352;7570;0;460;;81144;0;129
09;INTERIOR DETALLE;09001;DI CABALLERO;09001003;CALSONCILLO P/HOM;1788;588;70;216;29;913;0;2
09;INTERIOR DETALLE;09001;DI CABALLERO;09001005;CALCETINES P/HOM;11580;2148;266;1091;283;3344;0;6
09;INTERIOR DETALLE;09001;DI CABALLERO;09001021;TALONERA P/HOMBRE;4290;972;626;1174;226;780;4;2
09;INTERIOR DETALLE;09001;DI CABALLERO;09001022;BOXER P/HOMBRE P/LARGA MICROFIBRA;65376;11328;144;2220;134;55874;1;78
09;INTERIOR DETALLE;09001;DI CABALLERO;09001023;BOXER P/HOMBRE P/CORTA ALGODON;18302;3184;44;0;51;152458;0;163
09;INTERIOR DETALLE;09001;DI CABALLERO;09001025;BOXER P/HOMBRE P/LARGA ALGODON;5436;1740;1183;204;664;326;2;3
09;INTERIOR DETALLE;09001;DI CABALLERO;09001027;PACK TOBILLERAS P/HOMBRE ECONOMICA;31204;5184;4828;19935;4329;89776;2;5
09;INTERIOR DETALLE;09001;DI CABALLERO;09001028;TOBIMEDIA P/HOMBRE;8972;1992;17;132;168;3317;23;9
09;INTERIOR DETALLE;09001;DI CABALLERO;09001029;PACK TOBILLERAS P/HOMBRE ALGODON;9040;2100;81;1988;310;3280;0;11
09;INTERIOR DETALLE;09001;DI CABALLERO;09001034;PACK CALCETAS P/HOMBRE BAJAS;2578;864;0;0;9;17704;2;18
09;INTERIOR DETALLE;09001;DI CABALLERO;09001035;PACK CALCETINES P/HOM;6696;1536;11;1252;69;1789;5;7
09;INTERIOR DETALLE;09001;DI CABALLERO;09001036;PACK TOBILLERAS P/HOM;21160;4728;385;3269;1517;8380;8;22
09;INTERIOR DETALLE;09001;DI CABALLERO;09001037;PACK TALONERAS P/HOM;9020;960;30;0;;20508;0;36
09;INTERIOR DETALLE;09001;DI CABALLERO;09001038;PACK TOBIMEDIAS P/HOM;14048;2556;63;0;27;15802;1;32
09;INTERIOR DETALLE;09001;DI CABALLERO;09001039;PACK CALCETAS P/HOMBRE MARCAS;3888;468;129;1680;36;512;2;3
09;INTERIOR DETALLE;09001;DI CABALLERO;09001043;PACK CALCETAS P/HOMBRE ALTAS;10104;1428;214;320;272;2069;5;7
09;INTERIOR DETALLE;09001;DI CABALLERO;09001048;BOXER P/HOMBRE P/CORTA MICROFIBRA MARCA PROPIA;12860;1920;66;12;;14660;0;12
09;INTERIOR DETALLE;09001;DI CABALLERO;09001049;BOXER P/HOMBRE P/LARGA MICROFIBRA MARCA PROPIA;24156;3816;662;6796;568;2051;0;8
09;INTERIOR DETALLE;09001;DI CABALLERO;09001051;BOXER P/HOMBRE P/LARGA ALGODON MARCA PROPIA;5412;1320;68;146;432;10345;0;2
09;INTERIOR DETALLE;09002;DI DAMA;09002004;BIKER P/DAMA;5994;993;340;2031;261;912;0;1
09;INTERIOR DETALLE;09002;DI DAMA;09002010;FAJA TALLADORA P/DAMA BLUMER;5358;1224;0;0;6;14982;4;34
09;INTERIOR DETALLE;09002;DI DAMA;09002014;TOBILLERAS P/DAMA;14210;1908;1976;3385;495;9040;6;4
09;INTERIOR DETALLE;09002;DI DAMA;09002015;CORPIÑO P/DAMA;5226;2172;0;946;14;15125;63;39
09;INTERIOR DETALLE;09002;DI DAMA;09002017;FAJA TALLADORA P/DAMA ENTERA BOXER;2256;540;0;312;104;2931;1;10
09;INTERIOR DETALLE;09002;DI DAMA;09002020;CALCETAS P/DAMA;6802;1242;597;1338;123;3786;3;6
09;INTERIOR DETALLE;09002;DI DAMA;09002037;TALONERAS P/DAMA;9924;3240;4545;1284;2195;1212;2;1
09;INTERIOR DETALLE;09002;DI DAMA;09002038;FAJA TALLADORA P/DAMA BOXER;5958;1944;0;576;3;10678;2;32
09;INTERIOR DETALLE;09002;DI DAMA;09002044;PROTECTOR P/PEZON;1758;828;66;144;424;1716;0;3
09;INTERIOR DETALLE;09002;DI DAMA;09002046;SUJETADOR DE PECHOS ADESIVO;1074;342;21;0;36;669;0;2
09;INTERIOR DETALLE;09002;DI DAMA;09002051;BRASSIER P/DAMA COPA C;16602;3726;0;61;9;14748;15;28
09;INTERIOR DETALLE;09002;DI DAMA;09002052;BRASSIER P/DAMA COPA B;52716;9104;7;2480;142;25205;17;74
09;INTERIOR DETALLE;09002;DI DAMA;09002053;BRASSIER P/DAMA ADESIVO COPA A;1170;420;36;0;5;967;0;9
09;INTERIOR DETALLE;09002;DI DAMA;09002054;BRASSIER P/DAMA ADESIVO COPA B;1170;432;47;0;4;1128;2;12
09;INTERIOR DETALLE;09002;DI DAMA;09002055;BRASSIER P/DAMA ADESIVO COPA C;1170;432;9;0;1;1418;1;13
09;INTERIOR DETALLE;09002;DI DAMA;09002056;BRASSIER P/DAMA ADESIVO COPA D;1170;432;40;0;6;1467;2;13
09;INTERIOR DETALLE;09002;DI DAMA;09002057;BRASSIER P/DAMA COPA A;45344;10334;0;262;65;56153;33;81
09;INTERIOR DETALLE;09002;DI DAMA;09002058;BRASSIER P/DAMA COPA D;11004;1698;88;117;27;9351;4;19
09;INTERIOR DETALLE;09002;DI DAMA;09002060;BIKIN P/DAMA ALGODON;18196;4116;4278;1672;982;360;2;2
09;INTERIOR DETALLE;09002;DI DAMA;09002062;BOXER P/DAMA LASER;43728;8912;572;476;114;56842;3;56
09;INTERIOR DETALLE;09002;DI DAMA;09002063;BOXER P/DAMA BLONDA;22066;5868;28;1045;596;10747;0;16
09;INTERIOR DETALLE;09002;DI DAMA;09002064;BOXER P/DAMA MICROFIBRA;45066;7650;79;1696;30;18461;4;35
09;INTERIOR DETALLE;09002;DI DAMA;09002065;BOXER P/DAMA ALGODON;23094;4876;896;665;377;12346;2;12
09;INTERIOR DETALLE;09002;DI DAMA;09002066;BLUMER P/DAMA LASER;28036;5794;306;0;94;20132;2;49
09;INTERIOR DETALLE;09002;DI DAMA;09002067;BLUMER P/DAMA BLONDA;15408;3868;57;0;105;9534;0;24
09;INTERIOR DETALLE;09002;DI DAMA;09002068;BLUMER P/DAMA MICROFIBRA;37008;6724;486;2059;1558;23040;5;31
09;INTERIOR DETALLE;09002;DI DAMA;09002069;BLUMER P/DAMA ALGODON;26792;4032;58;0;25;33265;2;69
09;INTERIOR DETALLE;09002;DI DAMA;09002070;BLUMER P/DAMA LICRA;4092;1512;0;48;36;8790;0;11
09;INTERIOR DETALLE;09002;DI DAMA;09002073;BLUSA P/DAMA CENTRO;2412;852;52;214;6;5825;14;14
09;INTERIOR DETALLE;09002;DI DAMA;09002074;BRASSIER P/DAMA COPA B S/VARILLA C/AUMENTO;7794;1344;0;1272;170;4181;1;8
09;INTERIOR DETALLE;09002;DI DAMA;09002075;BRASSIER P/DAMA COPA C S/VARILLA C/AUMENTO;5520;828;172;3026;27;924;0;2
09;INTERIOR DETALLE;09002;DI DAMA;09002076;BRASSIER P/DAMA COPA D S/VARILLA C/AUMENTO;3942;528;0;1361;12;1357;3;3
09;INTERIOR DETALLE;09002;DI DAMA;09002078;BIKIN P/DAMA MICROFIBRA;9270;1884;0;0;18;15239;8;36
09;INTERIOR DETALLE;09002;DI DAMA;09002079;BIKIN P/DAMA LASER;17958;3288;434;36;31;6841;0;12
09;INTERIOR DETALLE;09002;DI DAMA;09002080;BIKIN P/DAMA BLONDA;15312;3564;329;0;62;5428;4;14
09;INTERIOR DETALLE;09002;DI DAMA;09002081;BIKIN P/DAMA LICRA;4356;1296;0;0;;17044;1;31
09;INTERIOR DETALLE;09002;DI DAMA;09002087;FAJA TALLADORA P/DAMA BLUSA;2112;564;37;204;218;1459;0;4
09;INTERIOR DETALLE;09002;DI DAMA;09002089;HILO P/DAMA BLONDA;11556;2952;19;197;32;8809;0;18
09;INTERIOR DETALLE;09002;DI DAMA;09002091;HILO P/DAMA ALGODON;11642;2652;2565;1763;833;97;3;1
09;INTERIOR DETALLE;09002;DI DAMA;09002092;HILO P/DAMA LASER;11046;2100;67;33;39;9700;0;24
09;INTERIOR DETALLE;09002;DI DAMA;09002093;CONJUNTO P/DAMA INTERIOR ALGODON;2832;732;1104;700;279;79;100;1
09;INTERIOR DETALLE;09002;DI DAMA;09002095;CONJUNTO P/DAMA INTERIOR MICROFIBRA;1512;312;156;753;66;59;0;1
09;INTERIOR DETALLE;09002;DI DAMA;09002098;PANTALETA P/DAMA MICROFIBRA;22596;4500;1216;7028;2109;1045;1;5
09;INTERIOR DETALLE;09002;DI DAMA;09002099;PANTALETA P/DAMA LASER;4752;960;0;43;;5499;1;14
09;INTERIOR DETALLE;09002;DI DAMA;09002101;PANTALETA P/DAMA BLONDA;1884;780;194;504;178;50;0;1
09;INTERIOR DETALLE;09002;DI DAMA;09002102;BLUSA P/DAMA TALLADORA;1896;684;231;53;104;2987;3;7
09;INTERIOR DETALLE;09002;DI DAMA;09002105;PACK TOBILLERAS P/DAMA ECONOMICA;14648;3372;2141;406;1387;2188;3;2
09;INTERIOR DETALLE;09002;DI DAMA;09002107;BRASSIER P/DAMA COPA A S/VARILLA C/AUMENTO;5076;912;0;624;65;1352;1;3
09;INTERIOR DETALLE;09002;DI DAMA;09002108;TOBIMEDIAS P/DAMA;8910;1600;171;774;122;7019;2;6
09;INTERIOR DETALLE;09002;DI DAMA;09002109;BIKIN P/DAMA ALGODON LOVE;;;0;0;;1557;2.84217E-14;3
09;INTERIOR DETALLE;09002;DI DAMA;09002110;BIKIN P/DAMA BLONDA LOVE;;;0;0;;510;0;2
09;INTERIOR DETALLE;09002;DI DAMA;09002111;BIKIN P/DAMA LICRA LOVE;;;0;0;;174;0;1
09;INTERIOR DETALLE;09002;DI DAMA;09002114;BLUMER P/DAMA LICRA LOVE;;;0;0;;1119;-2.84217E-14;1
09;INTERIOR DETALLE;09002;DI DAMA;09002116;BOXER P/DAMA BLONDA LOVE;;;0;0;;2904;0;3
09;INTERIOR DETALLE;09002;DI DAMA;09002117;BOXER P/DAMA LICRA LOVE;;;0;0;;371;1;2
09;INTERIOR DETALLE;09002;DI DAMA;09002121;PACK TOBILLERAS P/DAMA;19694;5940;1130;3351;2516;18236;5;33
09;INTERIOR DETALLE;09002;DI DAMA;09002123;PACK TALONERAS P/DAMA;7368;1554;1036;1084;477;2492;2;5
09;INTERIOR DETALLE;09002;DI DAMA;09002124;PACK TOBIMEDIAS P/DAMA;9154;3372;1718;901;1651;4916;1;8
09;INTERIOR DETALLE;09002;DI DAMA;09002125;BOXER P/DAMA BLONDA ECONOMICO;26324;5808;288;239;554;25460;1;17
09;INTERIOR DETALLE;09002;DI DAMA;09002127;BRASSIER P/DAMA COPA A FOMI;11034;2460;493;3046;519;3480;1;6
09;INTERIOR DETALLE;09002;DI DAMA;09002128;BRASSIER P/DAMA COPA B FOMI;9078;1416;0;247;2;35644;9;34
09;INTERIOR DETALLE;09002;DI DAMA;09002130;HILO P/DAMA LICRA;4494;1728;102;240;30;1780;0;3
09;INTERIOR DETALLE;09002;DI DAMA;09002131;BRASSIER P/DAMA TALLADOR COPA C;2022;336;964;522;206;107;1;1
09;INTERIOR DETALLE;09002;DI DAMA;09002133;CACHETERO P/DAMA BLONDA;3810;864;1;0;17;6618;1;8
09;INTERIOR DETALLE;09002;DI DAMA;09002136;BRASSIER P/DAMA COPA C FOMI;4614;876;0;2144;102;6537;1;4
09;INTERIOR DETALLE;09002;DI DAMA;09002145;FAJA TALLADORA P/DAMA ENTERA BLUMER;2490;312;2;450;;1108;0;4
09;INTERIOR DETALLE;09002;DI DAMA;09002148;TOBILLERAS P/DAMA DISNEY;30070;4308;1704;6326;181;3042;7;7
09;INTERIOR DETALLE;09002;DI DAMA;09002154;BRASSIER P/DAMA FOMI COPA D;2706;876;737;1124;738;1453;1;1
09;INTERIOR DETALLE;09002;DI DAMA;09002158;BIKER P/DAMA MARCA PROPIA ;12082;1374;2865;5365;478;9420;0;1
09;INTERIOR DETALLE;09002;DI DAMA;09002159;BIKIN P/DAMA MICROFIBRA MARCA PROPIA ;4620;972;1679;108;356;9818;0;1
09;INTERIOR DETALLE;09002;DI DAMA;09002160;BLUMER P/DAMA MICROFIBRA MARCA PROPIA ;3406;696;106;471;274;1724;0;1
09;INTERIOR DETALLE;09002;DI DAMA;09002163;BOXER P/DAMA MICROFIBRA PRETINA ALTA;6042;1056;141;1346;153;603;0;3
09;INTERIOR DETALLE;09002;DI DAMA;09002165;BRASSIER P/DAMA MICROFIBRA COPA B;2580;648;525;810;213;529;0;1
09;INTERIOR DETALLE;09002;DI DAMA;09002166;BRASSIER P/DAMA MICROFIBRA COPA C;8258;1872;1651;2426;210;600;0;1
09;INTERIOR DETALLE;09002;DI DAMA;09002168;CORPIÑO P/DAMA LÁSER;2118;666;1042;456;172;164;0;1
09;INTERIOR DETALLE;09002;DI DAMA;09002170;CORPIÑO P/DAMA MICROFIBRA;2118;642;1421;384;;180;;1
09;INTERIOR DETALLE;09002;DI DAMA;09002171;PACK CALCETAS P/DAMA;1362;600;469;135;156;2800;0;4
09;INTERIOR DETALLE;09002;DI DAMA;09002172;BOXER P/DAMA MICROFIBRA ECONOMICO;9622;1272;0;0;;37375;1;39
09;INTERIOR DETALLE;09003;DI JUVENIL NIÑO;09003001;BOXER P/NIÑO JUV P/CORTA MICROFIBRA;19806;4200;0;0;5;19539;4;46
09;INTERIOR DETALLE;09003;DI JUVENIL NIÑO;09003007;CALCETAS P/NIÑO JUV;5640;1308;1483;541;763;3243;2;1
09;INTERIOR DETALLE;09003;DI JUVENIL NIÑO;09003014;TOBIMEDIAS P/NIÑO JUV;3504;996;1284;324;484;7404;12;1
09;INTERIOR DETALLE;09003;DI JUVENIL NIÑO;09003015;BOXER P/NIÑO JUV P/LARGA MICROFIBRA;26424;5460;44;2172;2549;19776;0;20
09;INTERIOR DETALLE;09003;DI JUVENIL NIÑO;09003016;BOXER P/NIÑO JUV P/CORTA ALGODON;7926;2952;0;0;3;29616;12;33
09;INTERIOR DETALLE;09003;DI JUVENIL NIÑO;09003019;TOBILLERAS P/NIÑO JUV 8-10;9574;1584;3343;2948;810;682;3;1
09;INTERIOR DETALLE;09003;DI JUVENIL NIÑO;09003021;PACK CALCETINES P/NIÑO JUV;1560;396;55;348;19;332;4;1
09;INTERIOR DETALLE;09003;DI JUVENIL NIÑO;09003022;PACK TOBIMEDIAS P/NIÑO JUV;2220;468;0;40;3;12036;1;5
09;INTERIOR DETALLE;09003;DI JUVENIL NIÑO;09003023;PACK TOBILLERAS P/NIÑO JUV 6-8;12562;2472;1794;9;590;668;15;1
09;INTERIOR DETALLE;09003;DI JUVENIL NIÑO;09003024;PACK TOBILLERAS P/NIÑO JUV 8-10;15924;2820;296;186;285;5140;1;13
09;INTERIOR DETALLE;09003;DI JUVENIL NIÑO;09003025;PACK CALCETAS P/NIÑO JUV MARCAS ;2622;444;28;881;42;533;1;2
09;INTERIOR DETALLE;09003;DI JUVENIL NIÑO;09003027;PACK CALCETAS P/NIÑO JUV;1602;414;0;228;8;1039;0;2
09;INTERIOR DETALLE;09003;DI JUVENIL NIÑO;09003028;TOBILLERAS P/NIÑO JUV DISNEY;3348;588;536;432;231;99;3;1
09;INTERIOR DETALLE;09003;DI JUVENIL NIÑO;09003031;BOXER P/NIÑO JUV P/CORTA MICROFIBRA MARCA PROPIA;5190;996;316;233;40;3120;0;2
09;INTERIOR DETALLE;09003;DI JUVENIL NIÑO;09003032;BOXER P/NIÑO JUV P/LARGA MICROFIBRA MARCA PROPIA;6672;1092;323;2650;67;361;0;1
09;INTERIOR DETALLE;09003;DI JUVENIL NIÑO;09003033;BOXER P/NIÑO JUV P/CORTA ALGODON MARCA PROPIA;21276;2808;3688;8109;1105;110;0;2
09;INTERIOR DETALLE;09004;DI JUVENIL NIÑA;09004002;BLUMER P/NIÑA JUV ALGODON;19866;3144;60;0;86;3171;3;18
09;INTERIOR DETALLE;09004;DI JUVENIL NIÑA;09004005;BIKER P/NIÑA JUV;8124;1296;1015;5064;591;7218;1;1
09;INTERIOR DETALLE;09004;DI JUVENIL NIÑA;09004012;CORPIÑO P/NIÑA JUV;11310;3240;3985;1406;2681;662;2;2
09;INTERIOR DETALLE;09004;DI JUVENIL NIÑA;09004015;BLUMER P/NIÑA JUV MICROFIBRA;7758;1260;741;2976;779;1512;0;2
09;INTERIOR DETALLE;09004;DI JUVENIL NIÑA;09004017;BOXER P/NIÑA JUV MICROFIBRA;20418;4104;391;1594;2131;2786;2;3
09;INTERIOR DETALLE;09004;DI JUVENIL NIÑA;09004018;TOBIMEDIAS P/NIÑA JUV;4554;900;98;0;151;17814;0;3
09;INTERIOR DETALLE;09004;DI JUVENIL NIÑA;09004020;TOBILLERAS P/NIÑA JUV 8-10;3944;624;940;1671;301;799;0;1
09;INTERIOR DETALLE;09004;DI JUVENIL NIÑA;09004023;BLUMER P/NIÑA JUV ALGODON MEXICANO;4680;708;244;1554;145;2999;0;1
09;INTERIOR DETALLE;09004;DI JUVENIL NIÑA;09004025;PACK TALONERAS P/NIÑA JUV;2238;516;1566;252;302;4800;0;1
09;INTERIOR DETALLE;09004;DI JUVENIL NIÑA;09004026;PACK TOBIMEDIAS P/NIÑA JUV;2992;802;45;100;111;10898;4;9
09;INTERIOR DETALLE;09004;DI JUVENIL NIÑA;09004027;PACK TOBILLERAS P/NIÑA JUV 6-8;12700;2140;381;208;295;4105;3;6
09;INTERIOR DETALLE;09004;DI JUVENIL NIÑA;09004028;PACK TOBILLERAS P/NIÑA JUV 8-10;7704;1852;325;136;120;1287;1;5
09;INTERIOR DETALLE;09004;DI JUVENIL NIÑA;09004037;BOXER P/NIÑA JUV MICROFIBRA MARCA PROPIA ;7896;1332;278;308;166;23568;0;3
09;INTERIOR DETALLE;09005;DI INFANTIL NIÑO;09005006;BOXER P/NIÑO INF P/CORTA MICROFIBRA;34466;7404;0;339;22;32818;13;54
09;INTERIOR DETALLE;09005;DI INFANTIL NIÑO;09005009;CALCETAS P/NIÑO INF;1824;768;658;0;378;2246;0;1
09;INTERIOR DETALLE;09005;DI INFANTIL NIÑO;09005014;BOXER P/NIÑO INF P/LARGA MICROFIBRA;4074;588;0;600;186;11616;0;11
09;INTERIOR DETALLE;09005;DI INFANTIL NIÑO;09005015;BOXER P/NIÑO INF P/C ALGODON;25400;5152;1437;9850;2711;6806;15;5
09;INTERIOR DETALLE;09005;DI INFANTIL NIÑO;09005016;TOBILLERAS P/NIÑO INF 2-4;4448;468;10;118;29;4384;1;9
09;INTERIOR DETALLE;09005;DI INFANTIL NIÑO;09005017;TOBILLERAS P/NIÑO INF 4-6;10258;1776;6;386;8;3901;20;11
09;INTERIOR DETALLE;09005;DI INFANTIL NIÑO;09005018;TOBIMEDIAS P/NIÑO INF;4134;588;118;150;22;10756;2;3
09;INTERIOR DETALLE;09005;DI INFANTIL NIÑO;09005020;PACK CALCETINES P/NIÑO INF;2340;384;17;240;10;1077;4;3
09;INTERIOR DETALLE;09005;DI INFANTIL NIÑO;09005021;PACK CALCETAS P/NIÑO INF;5472;1260;0;204;;11880;0;12
09;INTERIOR DETALLE;09005;DI INFANTIL NIÑO;09005022;PACK TOBILLERAS P/NIÑO INF 2-4;9358;2076;697;496;325;1320;3;3
09;INTERIOR DETALLE;09005;DI INFANTIL NIÑO;09005023;PACK TOBILLERAS P/NIÑO INF 4-6;14910;3172;0;0;;28381;0;43
09;INTERIOR DETALLE;09005;DI INFANTIL NIÑO;09005024;PACK TOBIMEDIAS P/NIÑO INF;9048;2220;249;708;266;10843;4;6
09;INTERIOR DETALLE;09005;DI INFANTIL NIÑO;09005027;PACK BOXER P/NIÑO INF ALGODON;2400;828;0;259;;5731;1;10
09;INTERIOR DETALLE;09005;DI INFANTIL NIÑO;09005029;BOXER P/NIÑO INF P/C ALGODON CARICATURAS ;38622;4080;2610;16125;1576;12566;1;5
09;INTERIOR DETALLE;09005;DI INFANTIL NIÑO;09005030;BOXER P/NIÑO INF P/CORTA MICROFIBRA MARCA PROPIA;13788;2856;0;157;;71073;0;24
09;INTERIOR DETALLE;09005;DI INFANTIL NIÑO;09005032;BOXER P/NIÑO INF P/CORTA ALGODON MARCA PROPIA;10314;1848;96;900;;4673;0;18
09;INTERIOR DETALLE;09006;DI INFANTIL NIÑA;09006003;BOXER P/NIÑA INF ALGODON;34268;6988;1661;4193;577;7777;2;10
09;INTERIOR DETALLE;09006;DI INFANTIL NIÑA;09006006;BLUMER P/NIÑA INF ALGODON;19344;3900;466;735;329;7814;2;21
09;INTERIOR DETALLE;09006;DI INFANTIL NIÑA;09006015;TOBIMEDIAS P/NIÑA INF;5316;984;781;84;196;17648;6;2
09;INTERIOR DETALLE;09006;DI INFANTIL NIÑA;09006016;BOXER P/NIÑA INF MICROFIBRA;25070;4740;0;244;73;22869;2;29
09;INTERIOR DETALLE;09006;DI INFANTIL NIÑA;09006019;BLUMER P/NIÑA INF MICROFIBRA;18232;3330;0;0;136;7482;1;11
09;INTERIOR DETALLE;09006;DI INFANTIL NIÑA;09006020;TOBILLERAS P/NIÑA INF 2-4;3196;720;405;744;242;251;6;2
09;INTERIOR DETALLE;09006;DI INFANTIL NIÑA;09006021;TOBILLERAS P/NIÑA INF 4-6;6876;1104;476;1414;243;2280;8;4
09;INTERIOR DETALLE;09006;DI INFANTIL NIÑA;09006024;BOXER P/NIÑA INF ALGODON LOVE;;;0;0;;1206;-2.84217E-14;1
09;INTERIOR DETALLE;09006;DI INFANTIL NIÑA;09006027;BLUMER P/NIÑA INF ALGODON MEXICANO;4878;768;164;2172;196;2136;0;1
09;INTERIOR DETALLE;09006;DI INFANTIL NIÑA;09006030;PACK CALCETAS P/NIÑA INF;2112;600;180;107;144;1496;0;3
09;INTERIOR DETALLE;09006;DI INFANTIL NIÑA;09006031;PACK TOBIMEDIAS P/NIÑA INF;3712;606;12;84;13;15039;1;8
09;INTERIOR DETALLE;09006;DI INFANTIL NIÑA;09006032;PACK TOBILLERAS P/NIÑA INF 2-4;9572;1764;1342;560;72;3077;8;3
09;INTERIOR DETALLE;09006;DI INFANTIL NIÑA;09006033;PACK TOBILLERAS P/NIÑA INF 4-6;7932;2034;0;0;5;30096;2;34
09;INTERIOR DETALLE;09006;DI INFANTIL NIÑA;09006035;PACK BOXER P/NIÑA INF ALGODON ;5040;1272;347;616;133;342;1;1
09;INTERIOR DETALLE;09006;DI INFANTIL NIÑA;09006038;PACK TALONERAS P/NIÑA INF;2706;744;1398;852;523;2400;1;1
09;INTERIOR DETALLE;09006;DI INFANTIL NIÑA;09006039;CALCETAS P/NIÑA INF DISNEY;1736;396;552;220;217;80;0;1
09;INTERIOR DETALLE;09006;DI INFANTIL NIÑA;09006040;BOXER P/NIÑA INF ALGODON CARICATURAS ;31980;4188;2726;10875;2616;6397;1;4
09;INTERIOR DETALLE;09006;DI INFANTIL NIÑA;09006042;BOXER P/NIÑA INF MICROFIBRA MARCA PROPIA ;5146;864;15;896;71;14907;1;2
09;INTERIOR DETALLE;09007;DI MAMA SIZE;09007017;BLUMER MAMA SIZE LASER;10820;1014;0;0;6;61043;1;87
09;INTERIOR DETALLE;09007;DI MAMA SIZE;09007019;BLUMER MAMA SIZE ALGODON;15232;1320;1597;4880;294;422;15;2
09;INTERIOR DETALLE;09008;INTERIOR P/BEBE NIÑO;09008008;CALCETINES P/BEBE NIÑO;3666;852;1555;756;606;252;0;1
09;INTERIOR DETALLE;09008;INTERIOR P/BEBE NIÑO;09008015;PACK TOBILLERAS MESES NIÑO;10782;2076;57;737;17;15634;0;28
09;INTERIOR DETALLE;09017;INTERIOR P/BEBE NIÑA;09017003;CALCETINES P/BEBE NIÑA;4560;1188;406;120;314;8596;4;4
09;INTERIOR DETALLE;09017;INTERIOR P/BEBE NIÑA;09017004;PACK CALCETINES P/BEBE NIÑA;3802;840;461;376;136;1002;4;2
09;INTERIOR DETALLE;09017;INTERIOR P/BEBE NIÑA;09017005;PACK TOBILLERAS MESES NIÑA;6942;1644;31;0;10;23406;10;33
09;INTERIOR DETALLE;09018;INTERIOR RECIEN NACIDA NIÑA;09018003;PACK CALCETINES RECIEN NACIDA NIÑA;5318;1068;1628;1102;356;117;2;2
07;JUGUETERIA;07001;JUGUETE P/NIÑO;07001001;CARRO P/NIÑO;4632;795;3432;273;632;37;1;1
07;JUGUETERIA;07001;JUGUETE P/NIÑO;07001060;MASCARA P/NIÑO;1824;279;1283;0;96;76;0;1
07;JUGUETERIA;07001;JUGUETE P/NIÑO;07001067;RELOJ P/NIÑO (JUGUETE);1362;423;21;27;10;1253;1;2
07;JUGUETERIA;07002;JUGUETE P/NIÑA;07002034;MUÑECA D/TRAPO;1710;321;1018;66;184;239;0;1
07;JUGUETERIA;07002;JUGUETE P/NIÑA;07002043;SET DE HOGAR;852;252;100;0;42;221;0;1
07;JUGUETERIA;07004;JUGUETE MUSICAL;07004005;TAMBOR;696;78;146;21;12;1238;4;11
07;JUGUETERIA;07005;JUGUETE P/BEBE APRENDIZAJE;07005024;JUGUETE P/BEBE;1992;390;10;90;17;1351;0;6
07;JUGUETERIA;07006;JUGUETE DEPORTIVO;07006013;PELOTA PEQUEÑA D/ESPONJA P/NIÑO;1506;393;823;42;125;559;2;2
07;JUGUETERIA;07006;JUGUETE DEPORTIVO;07006015;SET D/PELOTAS PEQUEÑA D/ESPONJA P/BEBE;720;111;76;69;;2031;0;1
07;JUGUETERIA;07006;JUGUETE DEPORTIVO;07006022;JUGUETE ANTI-ESTRES;1776;411;1143;66;233;120;0;1
07;JUGUETERIA;07006;JUGUETE DEPORTIVO;07006024;PELOTA D/HULE;822;459;40;174;53;1331;2;6
07;JUGUETERIA;07006;JUGUETE DEPORTIVO;07006038;PELOTA D/HULE GRANDE;522;87;50;0;;1368;1;5
07;JUGUETERIA;07011;JUGUETE P/NIÑO D/GONDOLA;07011010;CARRO CONTROL REMOTO D/GONDOLA;4266;498;2951;83;430;285;1;3
07;JUGUETERIA;07011;JUGUETE P/NIÑO D/GONDOLA;07011053;ALCANCILLA P/NIÑO;900;183;23;96;17;157;22;3
07;JUGUETERIA;07012;JUGUETE P/NIÑA D/GONDOLA;07012034;ALCANCILLA P/NIÑA;822;198;42;126;7;63;10;1
07;JUGUETERIA;07013;JUGUETE DE APREDIZAJE D/GONDOLA;07013002;BLOQUES D/GONDOLA;1134;117;12;159;5;193;0;2
07;JUGUETERIA;07014;JUGUETE MUSICAL GONDOLA;07014002;SET MUSICALES (GONDOLA);522;141;521;0;14;126;0;1
07;JUGUETERIA;07015;PELUCHES;07015003;PELUCHE ;1332;270;500;234;214;150;0;1
07;JUGUETERIA;07015;PELUCHES;07015004;PELUCHE P/NIÑA LICENCIA ;2652;423;519;132;33;133;3;3
07;JUGUETERIA;07015;PELUCHES;07015005;PELUCHE P/NIÑO LICENCIA ;4424;936;29;110;;2579;0;20
47;PASEO;47001;PASEO NIÑOS;47001001;CARRO BUGGY;435;132;29;4;17;722;1;28
47;PASEO;47001;PASEO NIÑOS;47001002;MOTOCICLETA RECARGABLE;89;33;12;0;24;49;1;10
47;PASEO;47001;PASEO NIÑOS;47001003;CARRO RECARGABLE;62;9;42;0;3;6;1;1
47;PASEO;47001;PASEO NIÑOS;47001005;TRICICLOS P/NIÑO;353;73;35;3;21;1166;0;34
47;PASEO;47001;PASEO NIÑOS;47001006;TRICICLOS P/NIÑA;171;42;20;3;11;113;0;6
47;PASEO;47001;PASEO NIÑOS;47001008;MONOPATIN P/NIÑO;529;57;64;12;3;164;0;10
47;PASEO;47001;PASEO NIÑOS;47001011;PATINETA P/NIÑA;110;24;27;6;11;3;0;1
47;PASEO;47001;PASEO NIÑOS;47001012;PATINETA P/NIÑO;316;123;13;0;20;667;4;9
47;PASEO;47001;PASEO NIÑOS;47001014;BICICLETA P/NIÑA T-12;165;38;53;0;8;92;0;4
47;PASEO;47001;PASEO NIÑOS;47001015;BICICLETA P/NIÑA T-14;117;37;25;6;11;76;2;4
47;PASEO;47001;PASEO NIÑOS;47001016;BICICLETA P/NIÑA T-16;139;28;32;4;9;116;0;5
47;PASEO;47001;PASEO NIÑOS;47001017;BICICLETA P/NIÑA T-18;97;36;25;2;8;10;0;1
47;PASEO;47001;PASEO NIÑOS;47001018;BICICLETA P/NIÑA T-20;72;22;2;0;2;132;0;4
47;PASEO;47001;PASEO NIÑOS;47001019;BICICLETA P/NIÑO T-12;180;46;64;4;11;81;0;6
47;PASEO;47001;PASEO NIÑOS;47001020;BICICLETA P/NIÑO T-14;114;40;25;2;4;123;0;5
47;PASEO;47001;PASEO NIÑOS;47001021;BICICLETA P/NIÑO T-16;149;37;45;6;3;210;0;7
47;PASEO;47001;PASEO NIÑOS;47001022;BICICLETA P/NIÑO T-18;79;27;11;4;7;46;1;3
47;PASEO;47001;PASEO NIÑOS;47001023;BICICLETA P/NIÑO T-20;85;23;32;2;6;143;1;5
47;PASEO;47001;PASEO NIÑOS;47001025;ANDADORES P/BEBE;1130;282;105;24;42;1018;1;21
47;PASEO;47001;PASEO NIÑOS;47001026;COCHES P/BEBE;98;33;14;6;6;180;0;3
47;PASEO;47001;PASEO NIÑOS;47001027;TRICICLO CON TECHO;79;6;0;3;;166;0;9
47;PASEO;47001;PASEO NIÑOS;47001028;BICICLETA P/NIÑO T-22;55;17;1;0;2;59;0;3
47;PASEO;47001;PASEO NIÑOS;47001033;ESCAVADORA BUGGY;77;35;0;0;1;55;0;3
47;PASEO;47001;PASEO NIÑOS;47001034;ESCAVADORA RECARGABLE;64;34;11;0;7;172;0;8
47;PASEO;47001;PASEO NIÑOS;47001036;CUATRIMOTO RECARGABLE;163;37;23;0;8;355;1;24
47;PASEO;47001;PASEO NIÑOS;47001038;CUATRIMOTO BUGGY;99;6;1;0;1;120;0;4
47;PASEO;47001;PASEO NIÑOS;47001039;CARRO BUGGY RECARGABLE;;27;8;0;7;304;1;11
01;ROPA;01001;CABALLERO;01001003;SHORTS P/HOMBRE TELA 28-34;996;132;18;108;57;414;0;9
01;ROPA;01001;CABALLERO;01001005;CAMISETA P/HOMBRE T/POLO M/C;;366;0;353;7;12798;18;123
01;ROPA;01001;CABALLERO;01001014;JEANS P/HOM SKINNY 28-34;5304;720;2096;363;556;1893;5;9
01;ROPA;01001;CABALLERO;01001017;SHORTS P/HOM JEANS 30-38;762;138;595;72;87;96;3;1
01;ROPA;01001;CABALLERO;01001018;CAMISETA P/HOM S/M;2966;606;255;94;54;65;15;3
01;ROPA;01001;CABALLERO;01001029;PANTALON P/HOM 28-40;1590;324;97;78;48;777;54;13
01;ROPA;01001;CABALLERO;01001032;CAMISETA P/HOM C/R M/C;9810;846;1109;221;5;11941;87;124
01;ROPA;01001;CABALLERO;01001036;CAMISETA P/HOM C/V M/C;2040;426;1441;113;242;192;15;2
01;ROPA;01001;CABALLERO;01001050;SHORTS P/HOM PLAYERO S-XL;3588;354;1029;378;43;123;16;2
01;ROPA;01001;CABALLERO;01001065;CAMISETA P/HOM M/L ALGODON;882;150;315;59;71;56;5;1
01;ROPA;01001;CABALLERO;01001069;CAMISETA P/HOM C/CHINO;1320;150;912;30;126;839;7;9
01;ROPA;01001;CABALLERO;01001076;JEANS P/HOMBRE COLORES SLIM 28-34;918;162;50;60;114;423;1;6
01;ROPA;01001;CABALLERO;01001080;CALZONETA P/HOMBRE S-XL;2478;558;625;274;115;2841;0;10
01;ROPA;01001;CABALLERO;01001091;PANTALON P/HOM CARGO;1206;144;137;36;10;1375;19;13
01;ROPA;01001;CABALLERO;01001097;CAMISA P/HOM M/L LISA;1158;150;640;54;54;60;26;1
01;ROPA;01001;CABALLERO;01001098;CAMISA P/HOM M/L ESTAMPADA;1656;288;38;60;7;1351;60;16
01;ROPA;01001;CABALLERO;01001099;CAMISA P/HOM M/C LISA;1992;162;191;18;16;360;38;7
01;ROPA;01001;CABALLERO;01001100;CAMISA P/HOM M/C ESTAMPADA;3296;372;656;156;183;845;42;14
01;ROPA;01001;CABALLERO;01001102;SHORTS P/HOM TELA 30-38;2034;336;146;131;144;3517;22;46
01;ROPA;01001;CABALLERO;01001106;JEANS P/HOMBRE CLASICO 28-34;588;138;224;36;121;480;0;3
01;ROPA;01001;CABALLERO;01001120;SHORTS P/HOMBRE CARGO TELA;2052;240;119;84;4;1869;45;25
01;ROPA;01001;CABALLERO;01001121;SHORTS P/HOMBRE CARGO JEANS;936;132;7;54;55;333;9;11
01;ROPA;01001;CABALLERO;01001123;JEANS P/HOMBRE CARGO;1278;138;20;61;49;1002;11;13
01;ROPA;01001;CABALLERO;01001125;JEANS P/HOMBRE CLASICO NEGRO 28-34;438;132;179;12;121;144;0;1
01;ROPA;01001;CABALLERO;01001126;JEANS P/HOMBRE COLORES RECTO 28-34;660;132;2;72;110;327;0;3
01;ROPA;01001;CABALLERO;01001127;PANTALON P/HOMBRE TELA SEÑORIAL;528;132;183;0;5;18;15;1
01;ROPA;01001;CABALLERO;01001132;SHORTS P/HOM JEANS NEGRO 30-38;498;138;242;36;113;108;2;1
01;ROPA;01001;CABALLERO;01001136;JEANS P/HOMBRE CARGO NEGRO;954;114;132;30;23;124;2;2
01;ROPA;01001;CABALLERO;01001138;JOGGER P/HOMBRE CARGO TELA;1500;222;153;72;156;1350;4;14
01;ROPA;01001;CABALLERO;01001139;JEANS P/HOM SLIM FIT 28-34;2496;420;144;17;177;4692;1;22
01;ROPA;01001;CABALLERO;01001141;JEANS P/HOM SLIM FIT 30-40;2502;318;113;12;235;1362;3;11
01;ROPA;01001;CABALLERO;01001144;JEANS P/HOM SKINNY 30-40;2322;282;941;126;226;72;1;2
01;ROPA;01001;CABALLERO;01001145;JEANS P/HOM SKINNY NEGRO 28-34;2069;192;509;60;144;408;2;3
01;ROPA;01001;CABALLERO;01001146;JEANS P/HOM SLIM FIT NEGRO 28-34;1110;186;27;18;78;469;0;2
01;ROPA;01001;CABALLERO;01001148;JEANS P/HOM SLIM FIT NEGRO 30-40;492;132;11;24;110;186;0;3
01;ROPA;01001;CABALLERO;01001151;JEANS P/HOMBRE CLASICO 30-40;864;132;107;78;122;84;0;1
01;ROPA;01001;CABALLERO;01001153;CAMISA P/HOMBRE M/L BLANCA ;1194;150;292;180;20;2207;2;3
01;ROPA;01001;CABALLERO;01001154;SHORTS P/HOMBRE CARGO JEANS NEGRO;450;138;388;24;88;47;2;1
01;ROPA;01001;CABALLERO;01001156;CAMISETA P/HOMBRE OVERSIZE;7524;300;57;0;;15999;165;174
01;ROPA;01001;CABALLERO;01001158;CONJUNTO P/HOMBRE CASUAL;1110;156;68;24;5;160;45;6
01;ROPA;01001;CABALLERO;01001166;JEANS P/HOMBRE CARGO RECTO;1104;156;245;92;33;48;12;1
01;ROPA;01001;CABALLERO;01001167;JEANS P/HOMBRE CARPINTERO;1374;252;48;61;45;1397;0;9
01;ROPA;01001;CABALLERO;01001169;PANTALON P/HOMBRE TELA FORMAL NEGRO;696;132;291;60;41;289;0;2
01;ROPA;01001;CABALLERO;01001174;CENTRO P/HOMBRE;168;;167;0;;18;;1
01;ROPA;01001;CABALLERO;01001175;CAMISETA P/HOM S/M OVERFIT ;2526;234;80;54;100;1647;6;17
01;ROPA;01001;CABALLERO;01001179;JEANS P/HOMBRE RELAXED FIT;1146;174;125;23;134;867;0;6
01;ROPA;01001;CABALLERO;01001183;JEANS P/HOMBRE BAGGY 28-34;954;0;462;24;;108;0;2
01;ROPA;01001;CABALLERO;01001187;JEANS P/HOMBRE RELAXED FIT NEGRO;564;0;174;12;;294;0;1
01;ROPA;01001;CABALLERO;01001188;JEANS P/HOMBRE CARPINTERO NEGRO;480;0;35;0;;126;0;2
01;ROPA;01001;CABALLERO;01001196;SHORTS P/HOMBRE JEANS BAGGY NEGRO 28-34;564;0;441;0;;144;;1
01;ROPA;01001;CABALLERO;01001198;CAMISETA P/HOMBRE C/R M/C LOOSE FIT;1944;384;992;288;;48;;1
01;ROPA;01001;CABALLERO;01001202;CAMISETA P/HOMBRE T/POLO OVERSIZE M/C;1224;198;609;138;;106;;1
01;ROPA;01001;CABALLERO;01001203;CAMISETA P/HOMBRE C/R OLD MONEY M/C;876;;607;0;;240;;4
01;ROPA;01001;CABALLERO;01001205;JEANS P/HOMBRE RECTO 30-38;474;;117;0;;60;;1
01;ROPA;01001;CABALLERO;01001207;CONJUNTO P/HOMBRE OVERSIZE;654;;16;0;;714;;10
01;ROPA;01001;CABALLERO;01001208;SHORTS P/HOMBRE JEANS BAGGY COLORES ;;;558;0;;96;;1
01;ROPA;01001;CABALLERO;01001209;JEANS P/HOMBRE BAGGY COLORES;;;594;0;;360;;3
01;ROPA;01001;CABALLERO;01001226;SHORTS P/HOMBRE JEANS MODA 30-38;780;;402;0;;294;;2
01;ROPA;01001;CABALLERO;01001231;SHORTS P/HOMBRE JEANS BAGGY 30-38;780;;21;0;;1614;;22
01;ROPA;01001;CABALLERO;01001232;SHORTS P/HOMBRE JEANS BAGGY NEGRO 28-36;;138;576;0;;96;;1
01;ROPA;01001;CABALLERO;01001233;SHORTS P/HOMBRE JEANS BAGGY NEGRO 30-38;804;;59;0;;200;;2
01;ROPA;01001;CABALLERO;01001235;CAMISETA P/HOMBRE T/POLO M/C ZIPPER ;2250;384;1227;258;;1457;;11
01;ROPA;01001;CABALLERO;01001236;CAMISETA P/HOMBRE T/POLO M/C C/V;2598;378;1190;390;132;2280;0;18
01;ROPA;01001;CABALLERO;01001238;CAMISETA P/HOMBRE T/POLO M/C OLD MONEY ZIPPER;1470;246;1284;138;;72;;1
01;ROPA;01001;CABALLERO;01001239;CAMISETA P/HOMBRE T/POLO M/C OLD MONEY C/V;1230;198;921;132;;192;;2
01;ROPA;01001;CABALLERO;01001240;CAMISETA P/HOMBRE T/POLO M/C OLD MONEY BOTONES;1398;246;1070;168;;72;;1
01;ROPA;01001;CABALLERO;01001243;PANTALON P/HOMBRE TELA D/VESTIR SLIM 30-38;654;138;456;66;;48;;1
01;ROPA;01001;CABALLERO;01001245;PANTALON P/HOMBRE TELA D/VESTIR RECTO 30-38;540;;303;84;;96;;2
01;ROPA;01001;CABALLERO;01001246;JEANS P/HOMBRE COLORES SLIM 30-38;936;138;613;72;;90;;1
01;ROPA;01001;CABALLERO;01001249;JEANS P/HOMBRE STRAIGHT;606;;204;0;;738;0;8
01;ROPA;01001;CABALLERO;01001252;JEANS P/HOMBRE SLIM FIT 28-36;456;;13;0;;186;;1
01;ROPA;01001;CABALLERO;01001254;JEANS P/HOMBRE SLIM FIT NEGRO 28-36;612;;34;156;;95;;2
01;ROPA;01001;CABALLERO;01001270;JEANS P/HOMBRE STRAIGHT 28-36;792;;284;0;;114;;2
01;ROPA;01001;CABALLERO;01001274;JEANS P/HOMBRE BAGGY 30-38;1008;;132;138;;348;;5
01;ROPA;01001;CABALLERO;01001275;JEANS P/HOMBRE BAGGY NEGRO 30-38;;144;360;0;;108;;2
01;ROPA;01001;CABALLERO;01001276;JEANS P/HOMBRE BAGGY GRIS 28-34;;138;594;0;;48;;1
01;ROPA;01002;DAMA;01002001;SHORTS P/DAMA JEANS;2280;246;204;31;;3843;206;21
01;ROPA;01002;DAMA;01002005;FALDA P/DAMA JEANS LARGA;798;162;9;78;12;3083;14;19
01;ROPA;01002;DAMA;01002010;PANTALON P/DAMA TELA COLORES;2910;270;184;6;;3319;296;35
01;ROPA;01002;DAMA;01002013;JEANS P/DAMA 3/4-15/16 SKINNY;13926;1254;20;340;324;10337;55;79
01;ROPA;01002;DAMA;01002019;JEANS P/DAMA 0-7/8 SKINNY;7908;990;1178;913;196;2136;57;12
01;ROPA;01002;DAMA;01002026;SHORTS P/DAMA TELA CASUAL;1986;312;52;12;15;2323;113;15
01;ROPA;01002;DAMA;01002028;CHALECO P/DAMA JEANS;762;138;13;12;36;2461;15;11
01;ROPA;01002;DAMA;01002047;OVEROLL P/DAMA SHORTS TELA CASUAL;420;132;5;6;;230;29;6
01;ROPA;01002;DAMA;01002054;BLUSA P/DAMA M/L ALGODON;582;132;57;18;;144;27;2
01;ROPA;01002;DAMA;01002059;BLUSA P/DAMA M/C ALGODON;37154;2616;27;92;;17763;158;209
01;ROPA;01002;DAMA;01002061;BLUSA P/DAMA S/M ALGODON;5196;396;140;6;;4134;24;62
01;ROPA;01002;DAMA;01002062;BLUSA P/DAMA D/TIRANTES ALGODON;1002;138;441;66;28;48;5;1
01;ROPA;01002;DAMA;01002063;CAMISETA P/DAMA C/R;408;180;391;0;60;120;0;1
01;ROPA;01002;DAMA;01002069;FALDA P/DAMA TELA LARGA;2688;306;205;197;;749;59;9
01;ROPA;01002;DAMA;01002094;OVEROLL P/DAMA TELA LARGO CASUAL;768;138;123;6;15;115;13;2
01;ROPA;01002;DAMA;01002098;BLUSA P/DAMA LEOTARDO;1110;162;68;48;4;537;9;8
01;ROPA;01002;DAMA;01002099;BLUSA P/DAMA M/C LICRA;1200;282;629;84;163;246;0;3
01;ROPA;01002;DAMA;01002115;FALDA SHORTS P/DAMA JEANS;1242;138;35;100;;2879;76;14
01;ROPA;01002;DAMA;01002116;BUSO P/DAMA MODA;840;132;56;30;78;510;19;5
01;ROPA;01002;DAMA;01002117;CHAQUETA P/DAMA ;660;132;135;0;48;60;15;2
01;ROPA;01002;DAMA;01002127;JEANS P/DAMA BLANCO 0-7/8 SKINNY;474;138;413;0;62;23;20;1
01;ROPA;01002;DAMA;01002128;JEANS P/DAMA NEGRO 0-7/8 SKINNY;1572;282;91;161;83;1386;7;3
01;ROPA;01002;DAMA;01002129;TORERO P/DAMA JEANS;1458;204;127;144;1;2770;51;10
01;ROPA;01002;DAMA;01002132;JEANS P/DAMA NEGRO 3/4-15/16 SKINNY;2256;252;160;228;141;893;3;11
01;ROPA;01002;DAMA;01002133;JEANS P/DAMA BLANCO 3/4-15/16 SKINNY;828;144;482;42;114;122;6;1
01;ROPA;01002;DAMA;01002136;VESTIDO P/DAMA FORMAL M/C CORTO;1260;204;29;54;9;564;17;10
01;ROPA;01002;DAMA;01002137;JEANS P/DAMA CARGO  3-13;930;150;802;30;100;20;5;1
01;ROPA;01002;DAMA;01002149;FALDA P/DAMA JEANS NEGRA;774;132;10;30;;1154;57;8
01;ROPA;01002;DAMA;01002151;JOGGER P/DAMA TELA;654;138;263;90;106;198;0;1
01;ROPA;01002;DAMA;01002153;VESTIDO P/DAMA CASUAL CORTO M/C;1446;252;82;240;1;84;40;3
01;ROPA;01002;DAMA;01002156;JEANS P/DAMA CAMPANA 3-13;3504;252;245;94;1;3045;6;32
01;ROPA;01002;DAMA;01002157;SHORTS P/DAMA JEANS NEGRO;774;144;77;12;14;445;29;2
01;ROPA;01002;DAMA;01002158;SHORTS P/DAMA JEANS BLANCO;318;132;304;0;96;19;9;1
01;ROPA;01002;DAMA;01002159;JEANS P/DAMA GRIS 0-7/8;726;138;160;23;19;115;0;1
01;ROPA;01002;DAMA;01002162;FALDA SHORTS P/DAMA TELA;834;138;59;0;;591;60;7
01;ROPA;01002;DAMA;01002165;JEANS P/DAMA WIDE LEG 0-7/8;2286;366;34;18;3;6013;97;28
01;ROPA;01002;DAMA;01002166;SHORTS P/DAMA TELA D/VESTIR;1830;228;313;18;;2315;382;18
01;ROPA;01002;DAMA;01002172;CAMISETA P/DAMA T/POLO;3822;240;388;72;117;1111;7;17
01;ROPA;01002;DAMA;01002174;JEANS P/DAMA MODA NEGRO STRAIGHT 0-7/8;480;174;151;54;127;43;3;1
01;ROPA;01002;DAMA;01002179;CONJUNTO P/DAMA D/VESTIR PANTALON;1950;216;92;118;26;1464;27;22
01;ROPA;01002;DAMA;01002180;PALAZO P/DAMA;516;138;418;0;97;72;1;1
01;ROPA;01002;DAMA;01002181;FALDA P/DAMA TELA CORTA;1752;372;24;43;;2335;305;14
01;ROPA;01002;DAMA;01002183;VESTIDO P/DAMA FORMAL M/C LARGO;1416;228;69;156;132;132;3;3
01;ROPA;01002;DAMA;01002184;VESTIDO P/DAMA CASUAL LARGO M/C;1746;348;865;252;241;153;6;3
01;ROPA;01002;DAMA;01002185;CONJUNTO P/DAMA D/VESTIR SHORTS TELA;1434;336;0;67;5;1102;62;18
01;ROPA;01002;DAMA;01002186;CONJUNTO P/DAMA D/VESTIR FALDA TELA;1320;318;14;18;2;796;94;11
01;ROPA;01002;DAMA;01002188;JEANS P/DAMA CAMPANA NEGRO 0-7/8;606;132;44;66;83;606;0;2
01;ROPA;01002;DAMA;01002193;BLUSA P/DAMA M/L D/VESTIR;1392;162;30;54;7;239;36;4
01;ROPA;01002;DAMA;01002194;BLUSA P/DAMA M/C D/VESTIR;12816;954;42;131;;5385;219;91
01;ROPA;01002;DAMA;01002195;BLUSA P/DAMA M-3/4 D/VESTIR;1002;144;425;72;18;298;20;1
01;ROPA;01002;DAMA;01002196;BLUSA P/DAMA S/M D/VESTIR;2406;360;6;12;;8238;115;97
01;ROPA;01002;DAMA;01002197;BLUSA P/DAMA D/T D/VESTIR;792;180;16;12;14;432;29;6
01;ROPA;01002;DAMA;01002198;FALDA P/DAMA JEANS MINI;1026;138;1;42;;1451;21;8
01;ROPA;01002;DAMA;01002200;OVEROLL P/DAMA SHORTS TELA D/VESTIR;882;144;2;6;;847;111;8
01;ROPA;01002;DAMA;01002201;VESTIDO P/DAMA T/POLO CASUAL;750;138;21;66;55;54;3;2
01;ROPA;01002;DAMA;01002202;JEANS P/DAMA CONTROL FIT 3/4-15/16;1020;138;594;12;106;132;4;3
01;ROPA;01002;DAMA;01002204;JEANS P/DAMA C/FAJA 3/4-15/16 SKINNY;1446;252;20;24;120;1371;1;11
01;ROPA;01002;DAMA;01002205;JEANS P/DAMA C/FAJA 0-7/8 SKINNY;1656;180;201;85;27;1128;0;6
01;ROPA;01002;DAMA;01002214;CROP TOP P/DAMA M/C;2604;720;362;0;37;1955;49;10
01;ROPA;01002;DAMA;01002216;FALDA P/DAMA JEANS NEGRA C/FAJA;480;138;7;36;6;625;4;8
01;ROPA;01002;DAMA;01002218;FALDA P/DAMA JEANS CORTA C/FAJA;678;144;592;54;116;1152;8;12
01;ROPA;01002;DAMA;01002227;FALDA P/DAMA JEANS CARGO;1008;144;16;111;;2673;66;12
01;ROPA;01002;DAMA;01002230;FALDA P/DAMA JEANS CARGO NEGRA;750;138;22;29;;733;10;4
01;ROPA;01002;DAMA;01002233;VESTIDO P/DAMA FORMAL CORTO S/M;756;138;16;9;;438;34;8
01;ROPA;01002;DAMA;01002236;VESTIDO P/DAMA CASUAL CORTO D/T;768;228;468;72;21;71;21;2
01;ROPA;01002;DAMA;01002237;VESTIDO P/DAMA CASUAL CORTO S/M;1224;204;1;12;;504;72;11
01;ROPA;01002;DAMA;01002240;VESTIDO P/DAMA FORMAL LARGO D/T;528;132;93;12;36;216;10;4
01;ROPA;01002;DAMA;01002241;VESTIDO P/DAMA FORMAL LARGO S/M;768;132;1;24;5;961;5;14
01;ROPA;01002;DAMA;01002244;VESTIDO P/DAMA CASUAL LARGO D/T;1020;150;264;168;99;77;5;2
01;ROPA;01002;DAMA;01002245;VESTIDO P/DAMA CASUAL LARGO S/M;810;138;128;24;62;36;11;2
01;ROPA;01002;DAMA;01002248;BLUSA P/DAMA BOTONES M/C ;2094;156;32;0;;2830;20;37
01;ROPA;01002;DAMA;01002249;BLUSA P/DAMA BOTONES M/L;714;144;7;48;;287;26;5
01;ROPA;01002;DAMA;01002251;BLUSA P/DAMA BOTONES S/M;612;132;5;0;74;1608;0;21
01;ROPA;01002;DAMA;01002252;CAMISETA P/DAMA OVERSIZE;4146;294;196;18;;2662;28;49
01;ROPA;01002;DAMA;01002254;CROP TOP P/DAMA S/M;3462;516;640;180;27;714;28;7
01;ROPA;01002;DAMA;01002258;OVEROLL P/DAMA TELA LARGO FORMAL;498;132;129;19;7;77;47;2
01;ROPA;01002;DAMA;01002259;CONJUNTO P/DAMA CASUAL SHORTS TELA;1512;312;13;54;5;1704;66;19
01;ROPA;01002;DAMA;01002261;JEANS P/DAMA CARGO RECTO   3-13;4908;942;128;114;5;4254;26;31
01;ROPA;01002;DAMA;01002265;FALDA P/DAMA CARGO TELA;750;360;127;0;4;93;198;1
01;ROPA;01002;DAMA;01002266;CHALECO P/DAMA TELA;810;192;0;24;;1935;39;21
01;ROPA;01002;DAMA;01002274;SHORTS P/DAMA JEANS CARGO ;1176;174;87;24;3;1774;41;8
01;ROPA;01002;DAMA;01002281;PANTALON P/DAMA CARGO RECTO COLORES;426;132;10;18;57;242;96;5
01;ROPA;01002;DAMA;01002282;SHORTS P/DAMA CARGO TELA;624;162;126;6;6;67;100;2
01;ROPA;01002;DAMA;01002284;BLUSA P/DAMA ACRILICA S/M;1710;144;67;30;5;312;3;5
01;ROPA;01002;DAMA;01002285;BLUSA P/DAMA ACRILICA M/C;1073;138;33;0;3;192;0;6
01;ROPA;01002;DAMA;01002287;JEANS P/DAMA CARGO RECTO NEGRO 0-7/8;984;168;86;174;;500;29;4
01;ROPA;01002;DAMA;01002289;JEANS P/DAMA MODA SKINNY 0-7/8;642;180;208;42;;74;29;1
01;ROPA;01002;DAMA;01002301;JEANS P/DAMA CARGO RECTO BLANCO 0-7/8;324;132;292;0;70;14;6;1
01;ROPA;01002;DAMA;01002303;JEANS P/DAMA CARGO NEGRO;504;138;151;36;41;96;16;1
01;ROPA;01002;DAMA;01002305;FALDA P/DAMA JEANS LARGA CARGO;618;132;183;112;47;21;0;1
01;ROPA;01002;DAMA;01002309;JEANS P/DAMA CAMPANA 0-9;2226;150;159;72;1;1123;13;11
01;ROPA;01002;DAMA;01002310;FALDA P/DAMA JEANS CORTA;720;330;37;49;;2000;220;7
01;ROPA;01002;DAMA;01002311;CONJUNTO P/DAMA CASUAL PANTALON;948;180;51;78;90;1018;3;20
01;ROPA;01002;DAMA;01002312;FALDA P/DAMA TELA MINI ;534;138;132;0;;50;70;1
01;ROPA;01002;DAMA;01002316;JEANS P/DAMA CARGO  0-7/8;924;210;294;60;;200;35;3
01;ROPA;01002;DAMA;01002317;JEANS P/DAMA CARGO RECTO   0-7/8;3900;1098;450;335;56;1179;11;14
01;ROPA;01002;DAMA;01002324;JEANS P/DAMA SLIM;1002;180;69;60;74;557;12;5
01;ROPA;01002;DAMA;01002325;JEANS P/DAMA STRAIGHT 0-7/8;1512;174;55;42;55;2176;28;14
01;ROPA;01002;DAMA;01002327;JEANS P/DAMA STRAIGHT 3-13;1422;174;0;0;34;5415;4;34
01;ROPA;01002;DAMA;01002330;JEANS P/DAMA BOYFRIEND 0-7/8;1176;12;23;24;5;1896;0;10
01;ROPA;01002;DAMA;01002331;JEANS P/DAMA BOYFRIEND 3-13;1188;0;426;24;;441;0;2
01;ROPA;01002;DAMA;01002332;JEANS P/DAMA MON FIT 0-7/8;702;0;199;12;;478;0;2
01;ROPA;01002;DAMA;01002333;JEANS P/DAMA MON FIT 3-13;708;0;175;12;;775;0;5
01;ROPA;01002;DAMA;01002337;PANTALON P/DAMA TELA RECTO ;378;6;110;0;;504;46;8
01;ROPA;01002;DAMA;01002339;JEANS P/DAMA WIDE LEG 3-13;960;162;7;42;1;656;145;9
01;ROPA;01002;DAMA;01002342;JEANS P/DAMA MODA NEGRO STRAIGHT 3-13;738;138;32;12;5;500;6;3
01;ROPA;01002;DAMA;01002343;JEANS P/DAMA MODA SKINNY 3-13;534;300;135;0;4;2130;9;7
01;ROPA;01002;DAMA;01002345;JEANS P/DAMA CARGO RECTO NEGRO 3-13;642;198;261;66;62;13;43;1
01;ROPA;01002;DAMA;01002348;JEANS P/DAMA CAMPANA BLANCO 3-13;84;0;31;0;;12;1;1
01;ROPA;01002;DAMA;01002349;JEANS P/DAMA CAMPANA NEGRO 3-13;846;132;396;72;92;468;0;2
01;ROPA;01002;DAMA;01002356;JEANS P/DAMA STRAIGHT C/FAJA ;1206;0;683;96;;792;0;10
01;ROPA;01002;DAMA;01002358;JEANS PALAZO P/DAMA  3/4-13/14;1116;132;130;0;;739;;16
01;ROPA;01002;DAMA;01002359;JEANS P/DAMA CARGO GRIS;600;0;388;179;;14;;1
01;ROPA;01002;DAMA;01002361;JEANS P/DAMA BARREL;1278;;661;138;;48;;1
01;ROPA;01002;DAMA;01002362;BLUSA P/DAMA S/M LICRA;1488;318;125;72;42;996;0;13
01;ROPA;01002;DAMA;01002363;JEANS P/DAMA PETIT WIDE LEG 3/4-15/16;636;;88;96;;156;;3
01;ROPA;01002;DAMA;01002365;JEANS P/DAMA PETIT WIDE LEG 0-7/8;1194.18;;844;60.18;;66;;2
01;ROPA;01002;DAMA;01002372;JEANS P/DAMA PETIT STRAIGHT 3/4-15/16;1344;;383;150;;708;;11
01;ROPA;01002;DAMA;01002373;JEANS P/DAMA PETIT CAMPANA 3/4-15/16;624;;57;0;;1104;;15
01;ROPA;01002;DAMA;01002375;JEANS P/DAMA PETIT STRAIGHT NEGRO 3/4-15/16;1344;;999;150;;30;;1
01;ROPA;01002;DAMA;01002377;JEANS P/DAMA PETIT CAMPANA NEGRO 3/4-15/16;684;138;366;78;;78;;2
01;ROPA;01002;DAMA;01002379;JEANS PALAZO P/DAMA PETIT 3/4-13/14;1296;;430;108;;474;;7
01;ROPA;01002;DAMA;01002382;JEANS P/DAMA WIDE LEG COLORES;;;92;0;;48;;1
01;ROPA;01002;DAMA;01002386;BERMUDA P/DAMA JEANS CARGO;666;;386;0;;497;;5
01;ROPA;01002;DAMA;01002387;BERMUDA P/DAMA JEANS NEGRO;1188;;454;132;;607;;12
01;ROPA;01002;DAMA;01002408;JEANS P/DAMA CAMPANA CONTROL FIT;1296;;1032;90;;66;;2
01;ROPA;01003;JUVENIL NIÑO;01003001;JEANS P/NIÑO JUV 8-18 SKINNY;5262;1386;113;36;87;2353;171;18
01;ROPA;01003;JUVENIL NIÑO;01003002;PANTALON P/NIÑO JUV TELA TWILL;786;228;24;24;4;53;130;4
01;ROPA;01003;JUVENIL NIÑO;01003003;SHORTS P/NIÑO JUV JEANS;996;222;140;54;1;58;100;1
01;ROPA;01003;JUVENIL NIÑO;01003004;SHORTS P/NIÑO JUV TELA;858;192;25;12;;492;283;6
01;ROPA;01003;JUVENIL NIÑO;01003005;CAMISETA P/NIÑO JUV POLO M/C;;498;0;40;25;3045;112;45
01;ROPA;01003;JUVENIL NIÑO;01003013;CAMISETA P/NIÑO JUV S/M;4368;990;127;24;3;1884;11;16
01;ROPA;01003;JUVENIL NIÑO;01003023;CAMISETA P/NIÑO JUV C/R M/C;6789;960;1255;520;160;516;119;7
01;ROPA;01003;JUVENIL NIÑO;01003049;JEANS P/NIÑO JUV NEGRO;1566;282;20;0;138;2166;2;8
01;ROPA;01003;JUVENIL NIÑO;01003055;SHORTS P/NIÑO JUV JEANS NEGRO;528;168;144;12;58;149;29;1
01;ROPA;01003;JUVENIL NIÑO;01003061;CAMISA P/NIÑO JUV M/L ESTAMPADA;684;468;0;6;;509;241;8
01;ROPA;01003;JUVENIL NIÑO;01003062;CAMISA P/NIÑO JUV M/C LISA;870;192;1;0;;12;115;1
01;ROPA;01003;JUVENIL NIÑO;01003063;CAMISA P/NIÑO JUV M/C ESTAMPADA;1188;270;46;24;7;84;142;3
01;ROPA;01003;JUVENIL NIÑO;01003074;SHORTS P/NIÑO JUV CARGO TELA;768;210;19;36;;563;77;4
01;ROPA;01003;JUVENIL NIÑO;01003075;SHORTS P/NIÑO JUV CARGO JEANS;900;270;18;1;;662;59;6
01;ROPA;01003;JUVENIL NIÑO;01003078;JOGGER P/NIÑO JUV CARGO TELA;792;234;311;30;26;74;5;1
01;ROPA;01003;JUVENIL NIÑO;01003081;CAMISA P/NIÑO JUV M/L BLANCA ;1644;222;300;508;39;1312;3;2
01;ROPA;01003;JUVENIL NIÑO;01003084;CAMISETA P/NIÑO JUV OVERSIZE M/C;3294;318;123;6;12;2769;121;34
01;ROPA;01003;JUVENIL NIÑO;01003093;JEANS P/NIÑO JUV CARPINTERO;1710;180;32;12;;140;0;3
01;ROPA;01003;JUVENIL NIÑO;01003094;PANTALON P/NIÑO JUV TELA FORMAL NEGRO;1770;354;96;72;2;438;14;5
01;ROPA;01003;JUVENIL NIÑO;01003099;JEANS P/NIÑO JUV SLIM NEGRO ;804;198;15;30;28;612;4;5
01;ROPA;01003;JUVENIL NIÑO;01003100;BUSO P/NIÑO JUV DEPORTIVO ECONOMICO ;1320;282;57;84;3;3538;2;2
01;ROPA;01003;JUVENIL NIÑO;01003102;SHORTS P/NIÑO JUV DEPORTIVO ECONOMICO ;1824;408;100;288;59;4203;4;3
01;ROPA;01003;JUVENIL NIÑO;01003111;JEANS P/NIÑO JUV RELAXED FIT;930;;33;24;;1353;;9
01;ROPA;01003;JUVENIL NIÑO;01003116;SHORTS P/NIÑO JUV BAGGY;;0;4;0;;564;;9
01;ROPA;01003;JUVENIL NIÑO;01003117;SHORTS P/NIÑO JUV BAGGY NEGRO;;0;489;0;;126;;4
01;ROPA;01003;JUVENIL NIÑO;01003124;CAMISETA P/NIÑO JUV T/POLO M/C BOTONES;876;;788;0;;234;;2
01;ROPA;01003;JUVENIL NIÑO;01003125;CAMISETA P/NIÑO JUV T/POLO M/C C/V;1554;;1419;0;;54;;1
01;ROPA;01003;JUVENIL NIÑO;01003127;CAMISETA P/NIÑO JUV T/POLO M/C OLD MONEY BOTONES ;1098;240;842;186;;48;;1
01;ROPA;01004;JUVENIL NIÑA;01004001;JEANS P/NIÑA JUV SKINNY;4218;1014;24;48;22;11741;174;52
01;ROPA;01004;JUVENIL NIÑA;01004002;SHORTS P/NIÑA JUV JEANS;1176;294;38;6;;6175;103;21
01;ROPA;01004;JUVENIL NIÑA;01004003;FALDA P/NIÑA JUV TELA;540;174;16;18;;633;8;6
01;ROPA;01004;JUVENIL NIÑA;01004004;FALDA P/NIÑA JUV JEANS;1068;240;29;36;;1801;34;10
01;ROPA;01004;JUVENIL NIÑA;01004007;VESTIDO P/NIÑA JUV CASUAL;1488;222;9;0;7;1429;15;18
01;ROPA;01004;JUVENIL NIÑA;01004011;BLUSA P/NIÑA JUV S/M ALGODON ;1500;282;12;0;;2730;31;32
01;ROPA;01004;JUVENIL NIÑA;01004012;PANTALON P/NIÑA TELA JUV;816;150;337;6;81;90;21;4
01;ROPA;01004;JUVENIL NIÑA;01004014;CHALECO P/NIÑA JUV;528;132;1;24;87;54;8;1
01;ROPA;01004;JUVENIL NIÑA;01004018;FALDA SHORTS P/NIÑA JUV JEANS;1068;168;58;36;;1131;47;8
01;ROPA;01004;JUVENIL NIÑA;01004026;SHORTS P/NIÑA JUV TELA CASUAL;798;132;11;36;48;935;9;6
01;ROPA;01004;JUVENIL NIÑA;01004030;BLUSA P/NIÑA JUV M/C ALGODON;15346;1938;570;0;139;17927;67;137
01;ROPA;01004;JUVENIL NIÑA;01004031;BLUSA P/NIÑA JUV M-3/4 ALGODON;696;126;654;0;96;114;0;1
01;ROPA;01004;JUVENIL NIÑA;01004035;CAMISETA P/NIÑA JUV POLO;1428;246;337;126;181;317;10;6
01;ROPA;01004;JUVENIL NIÑA;01004068;OVEROLL P/NIÑA JUV SHORTS TELA;696;138;15;0;18;171;5;3
01;ROPA;01004;JUVENIL NIÑA;01004070;JEGGING P/NIÑA JUV;780;156;3;41;4;972;8;10
01;ROPA;01004;JUVENIL NIÑA;01004074;JEANS P/NIÑA JUV NEGRO;846;198;0;30;18;1678;4;7
01;ROPA;01004;JUVENIL NIÑA;01004076;VESTIDO P/NIÑA JUV FORMAL;1170;192;4;30;6;1195;16;11
01;ROPA;01004;JUVENIL NIÑA;01004080;JEANS P/NIÑA JUV BLANCO SKINNY;810;132;185;42;81;203;5;2
01;ROPA;01004;JUVENIL NIÑA;01004091;SHORTS P/NIÑA JUV NEGRO;552;138;15;0;18;187;5;3
01;ROPA;01004;JUVENIL NIÑA;01004093;JEANS P/NIÑA JUV CAMPANA;1650;186;283;68;13;245;33;5
01;ROPA;01004;JUVENIL NIÑA;01004094;JEANS P/NIÑA JUV GRIS;936;72;177;102;27;201;2;3
01;ROPA;01004;JUVENIL NIÑA;01004097;SHORTS P/NIÑA JUV TELA D/VESTIR;1152;132;13;12;2;1665;68;13
01;ROPA;01004;JUVENIL NIÑA;01004099;FALDA SHORTS P/NIÑA JUV TELA;714;138;27;6;;584;22;5
01;ROPA;01004;JUVENIL NIÑA;01004103;BLUSA P/NIÑA JUV S/M D/VESTIR;1266;168;30;6;;1068;24;17
01;ROPA;01004;JUVENIL NIÑA;01004104;BLUSA P/NIÑA JUV M/C D/VESTIR;2586;546;23;12;;1555;482;22
01;ROPA;01004;JUVENIL NIÑA;01004110;JEANS P/NIÑA JUV MODA GRIS;408;18;92;12;6;578;0;4
01;ROPA;01004;JUVENIL NIÑA;01004113;VESTIDO P/NIÑA JUV T/POLO CASUAL;444;6;47;24;1;13;1;1
01;ROPA;01004;JUVENIL NIÑA;01004115;CROP TOP P/NIÑA JUV;2424;294;367;198;48;2712;15;12
01;ROPA;01004;JUVENIL NIÑA;01004117;JEANS P/NIÑA JUV CARGO ;894;138;209;108;80;44;23;1
01;ROPA;01004;JUVENIL NIÑA;01004118;JEANS P/NIÑA JUV CARGO RECTO ;2736;174;292;196;6;3242;24;28
01;ROPA;01004;JUVENIL NIÑA;01004119;FALDA P/NIÑA JUV CARGO TELA ;462;132;35;12;;24;33;1
01;ROPA;01004;JUVENIL NIÑA;01004121;PANTALON P/NIÑA JUV CARGO RECTO;642;54;29;0;47;159;0;3
01;ROPA;01004;JUVENIL NIÑA;01004124;FALDA P/NIÑA JUV CARGO JEANS;1068;180;13;30;;4247;51;18
01;ROPA;01004;JUVENIL NIÑA;01004125;FALDA P/NIÑA JUV CARGO JEANS NEGRA;834;135;41;108;10;456;7;4
01;ROPA;01004;JUVENIL NIÑA;01004127;JEANS P/NIÑA JUV CARGO RECTO NEGRO;894;132;330;100;23;99;8;2
01;ROPA;01004;JUVENIL NIÑA;01004129;SHORTS P/NIÑA JUV CARGO JEANS;954;144;13;63;4;1278;34;6
01;ROPA;01004;JUVENIL NIÑA;01004130;JEANS P/NIÑA JUV MODA SKINNY;588;162;133;12;5;108;61;1
01;ROPA;01004;JUVENIL NIÑA;01004146;JEANS P/NIÑA JUV CARGO SKINNY NEGRO;756;78;33;42;6;228;16;2
01;ROPA;01004;JUVENIL NIÑA;01004154;CONJUNTO P/NIÑA JUV CASUAL FALDA TELA;606;132;69;6;44;18;18;1
01;ROPA;01004;JUVENIL NIÑA;01004157;CONJUNTO P/NIÑA JUV CASUAL PANTALON;654;138;210;42;67;474;2;7
01;ROPA;01004;JUVENIL NIÑA;01004159;CONJUNTO P/NIÑA JUV CASUAL SHORTS TELA;1110;138;105;42;16;1422;12;8
01;ROPA;01004;JUVENIL NIÑA;01004160;CONJUNTO P/NIÑA JUV D/VESTIR FALDA TELA;828;174;26;18;95;25;12;1
01;ROPA;01004;JUVENIL NIÑA;01004161;CONJUNTO P/NIÑA JUV D/VESTIR PANTALON;1500;138;195;228;111;410;15;8
01;ROPA;01004;JUVENIL NIÑA;01004162;CONJUNTO P/NIÑA JUV D/VESTIR SHORTS TELA;1446;186;5;54;3;523;24;6
01;ROPA;01004;JUVENIL NIÑA;01004168;JEANS P/NIÑA JUV C/FAJA SKINNY;1174;144;0;30;6;6344;12;30
01;ROPA;01004;JUVENIL NIÑA;01004169;JEANS P/NIÑA JUV STRAIGHT C/FAJA;1818;24;800;161;20;1007;1;6
01;ROPA;01004;JUVENIL NIÑA;01004171;JEANS P/NIÑA JUV WIDE LEG;1086;114;648;240;11;96;3;1
01;ROPA;01004;JUVENIL NIÑA;01004172;JEANS P/NIÑA JUV STRAIGHT;1980;90;73;66;;10779;140;43
01;ROPA;01004;JUVENIL NIÑA;01004174;JEANS P/NIÑA JUV STRAIGHT NEGRO;492;24;34;40;7;791;8;5
01;ROPA;01004;JUVENIL NIÑA;01004175;JEANS P/NIÑA JUV MON FIT ;894;0;29;24;;2269;0;10
01;ROPA;01004;JUVENIL NIÑA;01004176;BERMUDA P/NIÑA JUV JEANS CARGO;;180;337;0;24;108;0;1
01;ROPA;01004;JUVENIL NIÑA;01004177;BLUSA P/NIÑA JUV M/C ALGODON+BLONDA;1878;;1735;96;;180;0;3
01;ROPA;01005;INFANTIL NIÑO;01005002;SHORTS P/NIÑO INF TELA 2-8;864;210;133;24;3;29;86;2
01;ROPA;01005;INFANTIL NIÑO;01005003;CAMISETA P/NIÑO INF POLO M/C;;1122;0;54;1;1445;162;32
01;ROPA;01005;INFANTIL NIÑO;01005011;CAMISETA P/NIÑO INF C/R M/C;9702;1350;2651;740;229;1042;175;14
01;ROPA;01005;INFANTIL NIÑO;01005026;CAMISETA P/NIÑO INF S/M;4404;540;2271;24;15;108;8;4
01;ROPA;01005;INFANTIL NIÑO;01005053;SHORTS P/NIÑO INF JEANS;1314;312;50;30;20;1615;20;11
01;ROPA;01005;INFANTIL NIÑO;01005057;BUSO P/NIÑO INF MODA;726;204;80;36;2;102;5;2
01;ROPA;01005;INFANTIL NIÑO;01005058;SHORTS P/NIÑO INF JEANS COLORES;372;126;105;6;76;131;11;1
01;ROPA;01005;INFANTIL NIÑO;01005059;JEANS P/NIÑO INF NEGRO SKINNY;1782;348;161;13;204;1769;2;6
01;ROPA;01005;INFANTIL NIÑO;01005102;CAMISA P/NIÑO INF M/L ESTAMPADA;1044;402;26;0;5;312;72;6
01;ROPA;01005;INFANTIL NIÑO;01005103;CAMISA P/NIÑO INF M/C LISA;945;216;0;48;16;446;35;7
01;ROPA;01005;INFANTIL NIÑO;01005104;CAMISA P/NIÑO INF M/C ESTAMPADA;1794;522;17;36;8;444;46;8
01;ROPA;01005;INFANTIL NIÑO;01005107;SHORTS P/NIÑO INF DEPORTIVO;654;204;242;24;30;72;2;1
01;ROPA;01005;INFANTIL NIÑO;01005116;SHORTS P/NIÑO INF CARGO TELA;1224;204;57;60;;585;75;11
01;ROPA;01005;INFANTIL NIÑO;01005119;JEANS P/NIÑO INF CARGO;1038;126;272;66;22;12;6;1
01;ROPA;01005;INFANTIL NIÑO;01005121;CAMISA P/NIÑO INF M/C JEANS;444;132;27;24;49;164;14;3
01;ROPA;01005;INFANTIL NIÑO;01005123;CAMISA P/NIÑO INF M/L BLANCA ;1008;168;28;30;21;2511;17;2
01;ROPA;01005;INFANTIL NIÑO;01005125;CAMISETA P/NIÑO INF OVERSIZE M/C;2402;222;81;6;;3239;322;41
01;ROPA;01005;INFANTIL NIÑO;01005131;CHAQUETA P/NIÑO INF;390;0;236;42;;23;3;1
01;ROPA;01005;INFANTIL NIÑO;01005133;JEANS P/NIÑO INF CARPINTERO;1614;186;37;12;4;155;1;2
01;ROPA;01005;INFANTIL NIÑO;01005134;PANTALON P/NIÑO INF TELA FORMAL NEGRO;1434;342;155;6;40;364;2;3
01;ROPA;01005;INFANTIL NIÑO;01005142;CONJUNTO P/NIÑO INF SHORTS TELA;3756;654;1081;786;311;127;15;1
01;ROPA;01005;INFANTIL NIÑO;01005146;SHORTS P/NIÑO INF JEANS MODA ;750;132;534;48;54;12;1;1
01;ROPA;01005;INFANTIL NIÑO;01005147;JEANS P/NIÑO INF SLIM NEGRO ;882;306;180;24;110;402;0;1
01;ROPA;01005;INFANTIL NIÑO;01005148;BUSO P/NIÑO INF DEPORTIVO ECONOMICO;1386;294;60;36;12;2977;2;2
01;ROPA;01005;INFANTIL NIÑO;01005150;SHORTS P/NIÑO INF DEPORTIVO ECONOMICO;1176;252;54;120;;2376;9;2
01;ROPA;01005;INFANTIL NIÑO;01005152;JEANS P/NIÑO INF BAGGY;402;132;16;0;;222;;4
01;ROPA;01005;INFANTIL NIÑO;01005153;JEANS P/NIÑO INF SLIM;1194;132;58;12;19;1253;1;6
01;ROPA;01005;INFANTIL NIÑO;01005154;JEANS P/NIÑO INF RECTO;756;0;15;0;;498;;7
01;ROPA;01005;INFANTIL NIÑO;01005155;JEANS P/NIÑO INF RECTO NEGRO;397;144;158;0;;12;;1
01;ROPA;01005;INFANTIL NIÑO;01005159;JEANS P/NIÑO INF RELAXED FIT;930;;46;12;;1357;;9
01;ROPA;01005;INFANTIL NIÑO;01005160;JEANS P/NIÑO INF CONFORT;384;0;11;18;;198;0;3
01;ROPA;01005;INFANTIL NIÑO;01005163;CAMISETA P/NIÑO INF T/POLO M/C OLD MONEY;1812;390;1387;180;117;102;0;1
01;ROPA;01005;INFANTIL NIÑO;01005165;SHORTS P/NIÑO INF BAGGY;1080;;508;0;;24;;1
01;ROPA;01005;INFANTIL NIÑO;01005166;SHORTS P/NIÑO INF BAGGY NEGRO;636;138;433;60;;60;;2
01;ROPA;01005;INFANTIL NIÑO;01005169;CAMISETA P/NIÑO INF T/POLO M/C BOTONES;1656;528;88;264;218;846;0;11
01;ROPA;01006;INFANTIL NIÑA;01006001;BLUSA P/NIÑA INF M/C ALGODON;17358;1344;1106;165;110;12447;18;105
01;ROPA;01006;INFANTIL NIÑA;01006002;JEANS P/NIÑA INF SKINNY;3984;1002;110;2;23;6910;69;53
01;ROPA;01006;INFANTIL NIÑA;01006003;SHORTS P/NIÑA INF TELA CASUAL;1050;240;57;30;53;217;9;3
01;ROPA;01006;INFANTIL NIÑA;01006004;SHORTS P/NIÑA INF JEANS;1014;192;23;18;3;1647;31;12
01;ROPA;01006;INFANTIL NIÑA;01006006;FALDA P/NIÑA JEANS INF 2-8;540;138;16;0;;150;4;4
01;ROPA;01006;INFANTIL NIÑA;01006007;VESTIDO P/NIÑA INF CASUAL;4506;372;987;500;11;1076;23;13
01;ROPA;01006;INFANTIL NIÑA;01006010;LEGGING P/NIÑA INF BASICA;666;180;287;30;1;133;0;1
01;ROPA;01006;INFANTIL NIÑA;01006018;PANTALON P/NIÑA TELA INF;576;168;346;60;71;72;7;1
01;ROPA;01006;INFANTIL NIÑA;01006021;BLUSA P/NIÑA INF S/M ALGODON;2103;264;426;0;35;393;5;5
01;ROPA;01006;INFANTIL NIÑA;01006044;FALDA SHORTS P/NIÑA INF JEANS;900;138;444;95;59;60;4;1
01;ROPA;01006;INFANTIL NIÑA;01006054;OVEROLL P/NIÑA INF SHORTS TELA;1146;186;87;85;13;480;18;5
01;ROPA;01006;INFANTIL NIÑA;01006059;TUTU P/NIÑA INF;90;132;90;0;102;300;0;5
01;ROPA;01006;INFANTIL NIÑA;01006061;VESTIDO P/NIÑA INF FORMAL;1362;186;80;66;4;168;4;3
01;ROPA;01006;INFANTIL NIÑA;01006063;JEANS P/NIÑA INF NEGRO SKINNY;816;210;0;6;;1622;33;9
01;ROPA;01006;INFANTIL NIÑA;01006064;JEANS P/NIÑA INF BLANCO SKINNY;774;132;157;12;104;78;0;2
01;ROPA;01006;INFANTIL NIÑA;01006092;JEANS P/NIÑA INF GRIS;798;126;86;18;17;214;6;2
01;ROPA;01006;INFANTIL NIÑA;01006093;SHORTS P/NIÑA INF TELA D/VESTIR;618;138;60;24;;60;14;1
01;ROPA;01006;INFANTIL NIÑA;01006095;FALDA SHORTS P/NIÑA INF TELA;516;144;52;18;12;18;0;1
01;ROPA;01006;INFANTIL NIÑA;01006103;BLUSA P/NIÑA INF M/C D/VESTIR;2118;654;1227;149;9;23;524;1
01;ROPA;01006;INFANTIL NIÑA;01006109;CROP TOP P/NIÑA INF;906;156;1;12;114;2911;0;12
01;ROPA;01006;INFANTIL NIÑA;01006112;JEANS P/NIÑA INF CAMPANA;1332;432;46;24;23;604;45;11
01;ROPA;01006;INFANTIL NIÑA;01006118;FALDA P/NIÑA INF CARGO JEANS;1164;138;2;114;1;1634;42;12
01;ROPA;01006;INFANTIL NIÑA;01006119;FALDA P/NIÑA INF CARGO JEANS NEGRA;912;30;16;54;;258;10;4
01;ROPA;01006;INFANTIL NIÑA;01006120;JEANS P/NIÑA INF CARGO RECTO;1728;168;67;30;;3649;57;24
01;ROPA;01006;INFANTIL NIÑA;01006121;JEANS P/NIÑA INF CARGO RECTO NEGRO;600;138;27;54;7;164;6;2
01;ROPA;01006;INFANTIL NIÑA;01006122;SHORTS P/NIÑA INF CARGO JEANS;702;138;30;63;36;559;31;5
01;ROPA;01006;INFANTIL NIÑA;01006130;JEANS P/NIÑA INF MODA NEGRO;510;132;178;48;16;152;15;1
01;ROPA;01006;INFANTIL NIÑA;01006131;JEANS P/NIÑA INF CARGO SKINNY;792;144;47;90;;343;23;2
01;ROPA;01006;INFANTIL NIÑA;01006134;JEANS P/NIÑA INF CARGO SKINNY NEGRO ;420;132;0;0;;405;35;5
01;ROPA;01006;INFANTIL NIÑA;01006140;CONJUNTO P/NIÑA INF CASUAL FALDA TELA;1746;504;956;180;323;288;9;3
01;ROPA;01006;INFANTIL NIÑA;01006142;CONJUNTO P/NIÑA INF CASUAL PANTALON;726;168;187;72;100;73;4;1
01;ROPA;01006;INFANTIL NIÑA;01006144;CONJUNTO P/NIÑA INF CASUAL SHORTS TELA;2046;252;302;528;64;145;6;3
01;ROPA;01006;INFANTIL NIÑA;01006150;CONJUNTO P/NIÑA INF D/VESTIR PANTALON;1398;192;265;444;154;132;2;4
01;ROPA;01006;INFANTIL NIÑA;01006151;CONJUNTO P/NIÑA INF D/VESTIR SHORTS TELA;1068;174;30;66;58;25;5;1
01;ROPA;01006;INFANTIL NIÑA;01006157;JEANS P/NIÑA INF C/FAJA SKINNY;936;132;27;108;11;540;0;3
01;ROPA;01006;INFANTIL NIÑA;01006161;JEANS P/NIÑA INF STRAIGHT;2046;258;30;0;9;5556;182;35
01;ROPA;01006;INFANTIL NIÑA;01006164;VESTIDO P/NIÑA INF CASUAL T/POLO;780;132;481;72;96;72;0;1
01;ROPA;01006;INFANTIL NIÑA;01006165;BLUSA P/NIÑA INF M/C ALGODON+BLONDA;1902;;1462;204;;120;0;2
01;ROPA;01007;ROPA P/BEBE NIÑA;01007004;VESTIDO P/BEBE NIÑA CASUAL;2340;522;180;47;4;24;31;1
01;ROPA;01007;ROPA P/BEBE NIÑA;01007010;JEANS P/BEBE NIÑA SKINNY;1332;504;80;120;44;607;22;7
01;ROPA;01007;ROPA P/BEBE NIÑA;01007021;SHORTS P/BEBE NIÑA JEANS;918;222;81;12;152;53;0;3
01;ROPA;01007;ROPA P/BEBE NIÑA;01007024;BLUSA P/BEBE NIÑA M/C ALGODON;4920;1038;129;2;329;2395;7;27
01;ROPA;01007;ROPA P/BEBE NIÑA;01007025;BLUSA P/BEBE NIÑA S/M ALGODON;726;180;570;12;141;14;4;1
01;ROPA;01007;ROPA P/BEBE NIÑA;01007027;MAMELUCO P/BEBE NIÑA;606;240;305;12;205;120;3;1
01;ROPA;01007;ROPA P/BEBE NIÑA;01007062;VESTIDO P/BEBE NIÑA FORMAL;834;246;39;0;17;76;0;2
01;ROPA;01007;ROPA P/BEBE NIÑA;01007099;FALDA SHORTS P/BEBE NIÑA JEANS;606;132;408;66;57;188;0;1
01;ROPA;01007;ROPA P/BEBE NIÑA;01007103;VESTIDO P/BEBE NIÑA FORMAL FIESTERO;516;180;495;12;150;19;0;1
01;ROPA;01007;ROPA P/BEBE NIÑA;01007115;FALDA P/BEBE NIÑA CARGO JEANS;618;132;8;0;1;798;10;5
01;ROPA;01007;ROPA P/BEBE NIÑA;01007172;CONJUNTO P/BEBE NIÑA SHORTS TELA;1764;246;30;12;47;813;3;14
01;ROPA;01009;MAMA SIZE;01009002;PANTALON MAMA SIZE COLORES;324;90;148;0;17;18;55;1
01;ROPA;01009;MAMA SIZE;01009003;FALDA MAMA SIZE TELA;546;72;116;18;10;54;16;1
01;ROPA;01009;MAMA SIZE;01009004;SHORTS MAMA SIZE TELA;582;66;0;54;3;254;12;5
01;ROPA;01009;MAMA SIZE;01009005;VESTIDO MAMA SIZE CASUAL;534;60;41;24;19;150;2;3
01;ROPA;01009;MAMA SIZE;01009008;JEANS MAMA SIZE 13/14-25/26 SKINNY;1824;48;1249;244;42;246;0;7
01;ROPA;01009;MAMA SIZE;01009009;JEANS MAMA SIZE 9/10-19/20 SKINNY;2268;30;334;0;;6936;3;43
01;ROPA;01009;MAMA SIZE;01009025;FALDA MAMA SIZE JEANS 9/10-19/20;366;24;135;24;;57;1;1
01;ROPA;01009;MAMA SIZE;01009027;BLUSA MAMA SIZE M/C ALGODON;6648;204;780;35;8;704;6;18
01;ROPA;01009;MAMA SIZE;01009030;BLUSA MAMA SIZE S/M ALGODON;312;30;59;0;22;120;3;2
01;ROPA;01009;MAMA SIZE;01009045;JEANS MAMA SIZE NEGRO 9/10-19/20 SKINNY;714;30;245;71;11;495;0;3
01;ROPA;01009;MAMA SIZE;01009047;VESTIDO MAMA SIZE FORMAL;1356;30;22;100;;691;3;7
01;ROPA;01009;MAMA SIZE;01009057;FALDA MAMA SIZE JEANS NEGRA 9/10-19/20;558;24;83;30;17;61;0;2
01;ROPA;01009;MAMA SIZE;01009073;JEANS MAMA SIZE CAMPANA;828;18;42;43;;1639;11;15
01;ROPA;01009;MAMA SIZE;01009074;BLUSA MAMA SIZE M/C D/VESTIR;2904;90;15;73;;2762;144;52
01;ROPA;01009;MAMA SIZE;01009075;BLUSA MAMA SIZE M/L D/VESTIR;246;36;160;35;11;48;3;1
01;ROPA;01009;MAMA SIZE;01009076;BLUSA MAMA SIZE M-3/4 D/VESTIR;282;30;144;6;3;12;5;1
01;ROPA;01009;MAMA SIZE;01009077;BLUSA MAMA SIZE S/M D/VESTIR;990;30;141;6;;204;21;3
01;ROPA;01009;MAMA SIZE;01009086;JEANS MAMA SIZE C/FAJA 9/10-19/20 SKINNY;336;90;34;54;23;55;1;1
01;ROPA;01009;MAMA SIZE;01009089;FALDA MAMA SIZE JEANS C/FAJA;864;30;130;108;13;388;0;4
01;ROPA;01009;MAMA SIZE;01009090;JEANS MAMA SIZE NEGRO 13/14-25/26 SKINNY;552;30;136;90;14;39;0;2
01;ROPA;01009;MAMA SIZE;01009095;FALDA MAMA SIZE JEANS NEGRA C/FAJA 9/10-19/20;402;24;138;54;3;385;0;4
01;ROPA;01009;MAMA SIZE;01009097;FALDA MAMA SIZE JEANS 15/16-23/24;1068;54;224;95;36;785;0;6
01;ROPA;01009;MAMA SIZE;01009098;FALDA MAMA SIZE JEANS NEGRA 15/16-23/24;306;30;70;60;19;192;0;2
01;ROPA;01009;MAMA SIZE;01009102;FALDA MAMA SIZE CARGO JEANS NEGRA;186;0;57;0;;101;0;1
01;ROPA;01009;MAMA SIZE;01009108;JEANS MAMA SIZE CARGO;618;36;125;18;;458;1;3
01;ROPA;01009;MAMA SIZE;01009111;CONJUNTO MAMA SIZE SHORTS D/VESTIR ;276;36;86;30;7;96;1;2
01;ROPA;01009;MAMA SIZE;01009114;CHALECO MAMA SIZE TELA;132;0;15;0;;240;3;5
01;ROPA;01009;MAMA SIZE;01009115;CONJUNTO MAMA SIZE PANTALON D/VESTIR ;264;30;36;24;20;420;0;7
01;ROPA;01009;MAMA SIZE;01009119;JEANS MAMA SIZE CARGO RECTO;3150;696;653;78;7;2174;78;22
01;ROPA;01009;MAMA SIZE;01009121;CHALECO MAMA SIZE JEANS ;342;24;15;42;;406;0;2
01;ROPA;01009;MAMA SIZE;01009123;CONJUNTO MAMA SIZE CASUAL SHORTS TELA;252;0;226;0;;72;0;1
01;ROPA;01009;MAMA SIZE;01009126;JEANS MAMA SIZE MODA SKINNY;384;24;198;54;2;188;0;1
01;ROPA;01009;MAMA SIZE;01009127;JEANS MAMA SIZE STRAIGHT;1086;30;137;36;;1347;18;9
01;ROPA;01009;MAMA SIZE;01009128;CONJUNTO MAMA SIZE CASUAL PANTALON ;282;24;130;12;1;225;0;5
01;ROPA;01009;MAMA SIZE;01009129;FALDA SHORTS MAMA SIZE JEANS;444;24;59;42;;114;;2
01;ROPA;01009;MAMA SIZE;01009130;PANTALON MAMA SIZE TELA RECTO ;210;0;24;0;;20;;1
01;ROPA;01009;MAMA SIZE;01009131;JEANS MAMA SIZE STRAIGHT NEGRO ;558;24;38;24;4;348;19;2
01;ROPA;01009;MAMA SIZE;01009132;JEGGING MAMA SIZE 9/10-19/20;348;24;33;58;7;58;0;2
01;ROPA;01009;MAMA SIZE;01009133;JEANS MAMA SIZE STRAIGHT C/FAJA;1152;0;68;84;;1379;0;11
01;ROPA;01009;MAMA SIZE;01009134;JEANS MAMA SIZE GRIS SKINNY 9/10-19/20;678;42;189;96;6;379;0;3
01;ROPA;01009;MAMA SIZE;01009135;JEANS MAMA SIZE CARGO GRIS;396;0;305;24;;45;;1
01;ROPA;01009;MAMA SIZE;01009136;JEANS MAMA SIZE CAMPANA GRIS;504;30;200;60;9;12;0;1
01;ROPA;01009;MAMA SIZE;01009137;JEANS MAMA SIZE CAMPANA NEGRO;510;0;98;6;;517;;6
01;ROPA;01009;MAMA SIZE;01009138;JEANS MAMA SIZE WIDE LEG;294;0;130;0;;218;;1
01;ROPA;01009;MAMA SIZE;01009140;JEANS MAMA SIZE CARGO RECTO NEGRO;708;96;21;24;3;1048;0;9
01;ROPA;01009;MAMA SIZE;01009141;JEANS MAMA SIZE CARGO SKINNY NEGRO;486;72;174;85;7;95;0;1
01;ROPA;01009;MAMA SIZE;01009143;JEANS MAMA SIZE SLIM 9/10-19/20;;;1134;0;;24;;1
01;ROPA;01009;MAMA SIZE;01009144;JEANS MAMA SIZE SLIM 13/14-25/26;;;1080;0;;24;;1
01;ROPA;01012;ROPA RECIEN NACIDO NIÑO;01012005;MAMELUCO RECIEN NACIDO NIÑO;2382;384;457;0;289;262;0;8
01;ROPA;01012;ROPA RECIEN NACIDO NIÑO;01012007;CONJUNTO RECIEN NACIDO NIÑO;2100;402;251;12;4;90;4;3
01;ROPA;01012;ROPA RECIEN NACIDO NIÑO;01012039;CAMISETA RECIEN NACIDO NIÑO M/C;1302;276;788;12;237;81;1;1
01;ROPA;01012;ROPA RECIEN NACIDO NIÑO;01012041;OVEROLL RECIEN NACIDO NIÑO TELA;630;198;54;60;12;72;0;1
01;ROPA;01014;ROPA DORMIR;01014003;PIJAMA P/NIÑA INF PANTALON;1446;162;740;90;87;372;7;5
01;ROPA;01014;ROPA DORMIR;01014005;PIJAMA P/NIÑA JUV SHORTS;1032;435;106;60;229;767;10;10
01;ROPA;01014;ROPA DORMIR;01014012;PIJAMA P/DAMA CAPRI S-XL;1830;294;2;0;3;1902;6;14
01;ROPA;01014;ROPA DORMIR;01014013;PIJAMA P/DAMA PANTALON S-XL;2952;288;143;78;60;626;2;6
01;ROPA;01014;ROPA DORMIR;01014014;PIJAMA P/DAMA SHORTS S-XL;4638;768;30;24;22;3750;4;23
01;ROPA;01014;ROPA DORMIR;01014017;PIJAMA P/NIÑA JUV CAPRI;648;150;173;30;127;356;3;3
01;ROPA;01014;ROPA DORMIR;01014020;PIJAMA RECIEN NACIDO NIÑA PANTALON;1044;129;134;0;68;42;9;1
01;ROPA;01014;ROPA DORMIR;01014022;PIJAMA P/NIÑA INF SHORTS;708;210;356;30;135;504;4;7
01;ROPA;01014;ROPA DORMIR;01014024;PIJAMA PANTALON MAMA SIZE;390;90;7;0;6;84;0;1
01;ROPA;01014;ROPA DORMIR;01014025;PIJAMA CAPRI MAMA SIZE;312;90;13;0;20;66;3;1
01;ROPA;01014;ROPA DORMIR;01014026;PIJAMA P/NIÑA JUV PANTALON;648;156;48;60;103;792;4;11
01;ROPA;01014;ROPA DORMIR;01014041;PIJAMA P/BEBE NIÑO PANTALON;600;222;292;0;180;66;2;2
01;ROPA;01014;ROPA DORMIR;01014045;PIJAMA RECIEN NACIDO NIÑA ENTERIZA (CON CALCETIN);1002;129;16;0;;83;13;3
01;ROPA;01014;ROPA DORMIR;01014048;PIJAMA RECIEN NACIDO NIÑO ENTERIZO (CON CALCETIN);1146;132;15;18;1;342;0;5
01;ROPA;01014;ROPA DORMIR;01014050;CAMISON P/DAMA D/TIRANTES;1134;240;57;18;7;36;5;1
01;ROPA;01014;ROPA DORMIR;01014052;CAMISON P/DAMA M/C;3390;486;1;0;;1139;45;9
01;ROPA;01014;ROPA DORMIR;01014058;SET PIJAMA P/DAMA S-XL;2124;348;11;96;9;276;0;10
01;ROPA;01014;ROPA DORMIR;01014059;SET CAMISON P/DAMA;774;138;0;72;5;1721;16;8
01;ROPA;01015;INVIERNO;01015002;SUETER P/NIÑO JUV;756;162;583;12;137;208;1;2
01;ROPA;01015;INVIERNO;01015003;CHAMARRA P/DAMA JEANS;786;132;168;48;100;244;1;1
01;ROPA;01015;INVIERNO;01015006;SUETER P/NIÑA JUV;972;144;380;48;77;23;2;1
01;ROPA;01015;INVIERNO;01015007;SUETER P/DAMA;882;144;476;48;99;59;2;2
01;ROPA;01015;INVIERNO;01015011;SUETER P/NIÑO INF;798;300;461;12;178;192;17;1
01;ROPA;01015;INVIERNO;01015014;SUETER P/NIÑA INF;858;234;30;54;149;21;4;1
01;ROPA;01017;PAPA SIZE;01017018;JEANS PAPA SIZE 40-46;324;18;13;108;6;18;0;1
01;ROPA;01018;ROPA P/BEBE NIÑO;01018001;SHORTS P/BEBE JEANS NIÑO;1224;258;58;0;26;2019;3;9
01;ROPA;01018;ROPA P/BEBE NIÑO;01018004;CAMISETA P/BEBE NIÑO C/R M/C;4122;1074;1165;156;795;355;12;3
01;ROPA;01018;ROPA P/BEBE NIÑO;01018005;JEANS P/BEBE NIÑO SKINNY;2526;552;133;0;20;1138;2;6
01;ROPA;01018;ROPA P/BEBE NIÑO;01018013;CAMISETA P/BEBE NIÑO S/M;1314;318;225;66;228;29;2;1
01;ROPA;01018;ROPA P/BEBE NIÑO;01018016;SHORTS P/BEBE TELA NIÑO;384;180;281;0;150;84;2;1
01;ROPA;01018;ROPA P/BEBE NIÑO;01018024;SHORTS P/BEBE NIÑO JEANS NEGRO;474;174;91;0;54;142;0;1
01;ROPA;01018;ROPA P/BEBE NIÑO;01018069;JEANS P/BEBE NIÑO CARGO;984;138;36;13;9;229;0;5
01;ROPA;01018;ROPA P/BEBE NIÑO;01018071;CONJUNTO P/BEBE NIÑO BUSO;894;132;548;108;106;54;0;2
01;ROPA;01018;ROPA P/BEBE NIÑO;01018079;CONJUNTO P/BEBE NIÑO SHORTS TELA;2478;360;233;116;121;282;6;6
01;ROPA;01018;ROPA P/BEBE NIÑO;01018085;JEANS P/BEBE NIÑO RECTO;888;132;4;0;16;432;0;8
01;ROPA;01019;ROPA RECIEN NACIDA NIÑA;01019001;MAMELUCO RECIEN NACIDA NIÑA;1848;234;184;102;141;319;3;7
01;ROPA;01019;ROPA RECIEN NACIDA NIÑA;01019002;CONJUNTO RECIEN NACIDA NIÑA;1500;324;32;12;14;845;7;18
01;ROPA;01019;ROPA RECIEN NACIDA NIÑA;01019008;SHORTS RECIEN NACIDA NIÑA;1284;288;352;36;229;24;1;1
01;ROPA;01019;ROPA RECIEN NACIDA NIÑA;01019020;CAMISETA RECIEN NACIDA NIÑA S/M;1050;276;422;60;234;12;1;1
01;ROPA;01019;ROPA RECIEN NACIDA NIÑA;01019023;SET RECIEN NACIDA NIÑA;630;132;253;0;75;36;0;2
01;ROPA;01025;SH ROPA DAMA;01025001;ROPA SURTIDA SHEIN;;;0;0;;60;-4.54747E-13;1
51;TECNOLOGIA;51001;ACCESORIOS DE TECNOLOGIA;51001002;ADAPTADOR P/CABLE D/CELULAR;1286;270;0;18;4;1760;16;16
51;TECNOLOGIA;51001;ACCESORIOS DE TECNOLOGIA;51001003;AUDIFONOS;2004;438;275;36;245;469;1;2
51;TECNOLOGIA;51001;ACCESORIOS DE TECNOLOGIA;51001004;AURICULARES INALAMBRICOS (OREJERAS);2838;492;0;36;41;8832;4;57
51;TECNOLOGIA;51001;ACCESORIOS DE TECNOLOGIA;51001005;AURICULARES D/CABLE (OREJERAS);4356;996;6;24;3;1992;44;14
51;TECNOLOGIA;51001;ACCESORIOS DE TECNOLOGIA;51001006;CABLE IPHONE;3174;1056;137;48;93;111;5;3
51;TECNOLOGIA;51001;ACCESORIOS DE TECNOLOGIA;51001007;CABLE MICRO V8;2112;630;51;0;105;471;0;2
51;TECNOLOGIA;51001;ACCESORIOS DE TECNOLOGIA;51001008;CABLE TIPO C;4676;1120;0;15;4;5042;0;39
51;TECNOLOGIA;51001;ACCESORIOS DE TECNOLOGIA;51001009;DECORACION DE CABLE USB;2604;546;31;24;15;8528;4;8
51;TECNOLOGIA;51001;ACCESORIOS DE TECNOLOGIA;51001010;DRONE;270;14;18;0;10;265;0;5
51;TECNOLOGIA;51001;ACCESORIOS DE TECNOLOGIA;51001012;PARLANTES;1242;390;55;18;173;71;1;4
51;TECNOLOGIA;51001;ACCESORIOS DE TECNOLOGIA;51001018;CORDON P/CELULAR;5784;1752;19;0;79;8227;0;24
51;TECNOLOGIA;51001;ACCESORIOS DE TECNOLOGIA;51001020;MEMORIA USB;900;180;10;0;10;1206;0;2
51;TECNOLOGIA;51001;ACCESORIOS DE TECNOLOGIA;51001021;MOUSE;966;204;13;0;6;60;0;1
51;TECNOLOGIA;51001;ACCESORIOS DE TECNOLOGIA;51001030;POPSOCKET;6510;1668;35;48;32;4559;0;11
51;TECNOLOGIA;51001;ACCESORIOS DE TECNOLOGIA;51001033;AUDIFONOS P/NIÑO;1362;414;0;24;5;9170;2;71
51;TECNOLOGIA;51001;ACCESORIOS DE TECNOLOGIA;51001035;AURICULARES P/NIÑO(A);2784;732;0;12;12;4061;0;19
51;TECNOLOGIA;51001;ACCESORIOS DE TECNOLOGIA;51001041;RELOJ DIGITAL INTELIGENTE;1320;138;79;0;60;315;0;4
51;TECNOLOGIA;51001;ACCESORIOS DE TECNOLOGIA;51001045;LAPIZ P/IPAD;309;6;291;0;;52;0;1
51;TECNOLOGIA;51001;ACCESORIOS DE TECNOLOGIA;51001048;PARLANTES PORTATIL;1500;480;3;18;16;1173;0;26
51;TECNOLOGIA;51001;ACCESORIOS DE TECNOLOGIA;51001050;AURICULARES INALAMBRICOS P/NIÑO(A);2130;;0;0;;2877;0;23
51;TECNOLOGIA;51002;CARGADOR P/CELULAR;51002003;CARGADOR P/CARRO;1602;372;38;0;3;105;23;2
51;TECNOLOGIA;51002;CARGADOR P/CELULAR;51002005;CARGADOR PORTATIL;1236;234;31;21;136;80;3;1
51;TECNOLOGIA;51002;CARGADOR P/CELULAR;51002006;CARGADOR TIPO C;2634;792;840;30;487;15;0;1
51;TECNOLOGIA;51003;COBERTORES P/CELULAR;51003008;COBERTOR P/AIRPOD;1812;654;0;12;1;12698;1;33
12;VERANO;12001;ACCESORIOS DE VERANO;12001001;PELOTA DE PLAYA;1938;516;953;288;234;92;1;2
12;VERANO;12001;ACCESORIOS DE VERANO;12001004;PISCINAS INFLABLES;;0;0;0;;186;9;7
12;VERANO;12001;ACCESORIOS DE VERANO;12001006;FLOTADORES;5399;1674;3112;558;1050;236;11;10
12;VERANO;12001;ACCESORIOS DE VERANO;12001014;PISCINAS RIGIDA;;;0;0;;354;16;4
12;VERANO;12001;ACCESORIOS DE VERANO;12001016;CHALECO SALVAVIDAS;843;210;577;0;80;42;0;2
12;VERANO;12001;ACCESORIOS DE VERANO;12001022;SOMBRERO P/DAMA PLAYA;2408;444;1720;288;153;30;7;2
12;VERANO;12001;ACCESORIOS DE VERANO;12001027;BOMBA P/INFLAR PISCINA;966;222;324;93;54;204;3;2
12;VERANO;12001;ACCESORIOS DE VERANO;12001053;HIELERA 6LTS;169;27;158;0;19;12;0;1
12;VERANO;12001;ACCESORIOS DE VERANO;12001073;THERMO 1.25LTRS;;42;50;0;3;25;4;1
12;VERANO;12001;ACCESORIOS DE VERANO;12001075;THERMO 2.4LTRS;;52;82;0;7;28;0;1
12;VERANO;12002;ROPA VERANO;12002013;CONJUNTO D/BAÑO P/BEBE NIÑO;690;132;59;96;48;30;1;2
